법정동코드,위도,경도,산출방식,코드보정
1111010100,37.589205,126.969324,면적중심,
1111010200,37.584506,126.967942,면적중심,
1111010300,37.584698,126.972706,면적중심,
1111010400,37.582667,126.971953,면적중심,
1111010500,37.580561,126.972474,면적중심,
1111010600,37.578077,126.97287,면적중심,
1111010700,37.575321,126.973791,면적중심,
1111010800,37.580161,126.970219,면적중심,
1111010900,37.580399,126.962737,면적중심,
1111011000,37.57929,126.968284,면적중심,
1111011100,37.583539,126.96341,면적중심,
1111011200,37.577594,126.970873,면적중심,
1111011300,37.577299,126.968145,면적중심,
1111011400,37.575314,126.971742,면적중심,
1111011500,37.575412,126.965957,면적중심,
1111011600,37.573123,126.974759,면적중심,
1111011700,37.571588,126.974014,면적중심,
1111011800,37.573325,126.971972,면적중심,
1111011900,37.580304,126.976789,면적중심,
1111012000,37.57019,126.973922,면적중심,
1111012100,37.57087,126.969225,면적중심,
1111012200,37.571451,126.980179,면적중심,
1111012300,37.569522,126.980421,면적중심,
1111012400,37.573698,126.980645,면적중심,
1111012500,37.575313,126.979678,면적중심,
1111012600,37.570433,126.979715,면적중심,
1111012700,37.571307,126.983178,면적중심,
1111012800,37.574157,126.984682,면적중심,
1111012900,37.573523,126.983013,면적중심,
1111013000,37.581715,126.99255,면적중심,
1111013100,37.576504,126.991356,내부점보정,
1111013200,37.576389,126.988239,면적중심,
1111013300,37.574349,126.989706,면적중심,
1111013400,37.575202,126.986421,면적중심,
1111013500,37.569126,126.986004,면적중심,
1111013600,37.571716,126.986074,면적중심,
1111013700,37.572573,126.988623,면적중심,
1111013800,37.570458,126.986935,면적중심,
1111013900,37.582798,126.980726,면적중심,
1111014000,37.590755,126.98101,면적중심,
1111014100,37.5774,126.98363,면적중심,
1111014200,37.579623,126.980934,면적중심,
1111014300,37.580692,126.982731,면적중심,
1111014400,37.577262,126.9804,면적중심,
1111014500,37.576777,126.981873,면적중심,
1111014600,37.582683,126.984841,면적중심,
1111014700,37.578329,126.985284,면적중심,
1111014800,37.582352,126.98693,면적중심,
1111014900,37.583924,126.988263,면적중심,
1111015000,37.574384,126.994196,면적중심,
1111015100,37.572436,126.991743,면적중심,
1111015200,37.572195,126.992998,면적중심,
1111015300,37.571982,126.990742,면적중심,
1111015400,37.569238,126.994044,면적중심,
1111015500,37.569076,126.990475,면적중심,
1111015600,37.570409,126.992353,면적중심,
1111015700,37.572344,126.997693,면적중심,
1111015800,37.569637,126.998308,면적중심,
1111015900,37.575562,126.997537,면적중심,
1111016000,37.573753,127.000168,면적중심,
1111016100,37.570672,126.997953,면적중심,
1111016200,37.57305,127.003088,면적중심,
1111016300,37.570617,127.003534,면적중심,
1111016400,37.571947,127.007685,면적중심,
1111016500,37.577241,127.005633,면적중심,
1111016600,37.578703,126.999694,면적중심,
1111016700,37.574959,127.005962,면적중심,
1111016800,37.581404,127.004879,면적중심,
1111016900,37.587813,127.001755,면적중심,
1111017000,37.589114,126.997488,면적중심,
1111017100,37.5847,126.999041,면적중심,
1111017200,37.582233,126.999882,면적중심,
1111017300,37.588221,126.993147,면적중심,
1111017400,37.575408,127.012449,면적중심,
1111017500,37.575574,127.018946,면적중심,
1111017600,37.568548,126.964468,면적중심,
1111017700,37.567916,126.966861,면적중심,
1111017800,37.570081,126.965218,면적중심,
1111017900,37.571151,126.963986,면적중심,
1111018000,37.571539,126.961458,면적중심,
1111018100,37.57368,126.962627,면적중심,
1111018200,37.619378,126.959275,면적중심,
1111018300,37.613029,126.974501,면적중심,
1111018400,37.594763,126.96559,면적중심,
1111018500,37.600856,126.956482,면적중심,
1111018600,37.60252,126.961838,면적중심,
1111018700,37.57711,126.958581,면적중심,
1114010100,37.568157,126.979009,면적중심,
1114010200,37.567909,126.981186,면적중심,
1114010300,37.567731,126.977247,면적중심,
1114010400,37.565999,126.98054,면적중심,
1114010500,37.565884,126.98593,면적중심,
1114010600,37.56758,126.982861,면적중심,
1114010700,37.568097,126.984247,면적중심,
1114010800,37.567285,126.98464,면적중심,
1114010900,37.56745,126.986985,면적중심,
1114011000,37.567467,126.989515,면적중심,
1114011100,37.564075,126.980065,면적중심,
1114011200,37.55808,126.977622,면적중심,
1114011300,37.562453,126.978205,면적중심,
1114011400,37.562988,126.976363,면적중심,
1114011500,37.563955,126.982118,면적중심,
1114011600,37.5617,126.979591,면적중심,
1114011700,37.560605,126.9757,면적중심,
1114011800,37.5561,126.975311,면적중심,
1114011900,37.5591,126.972772,면적중심,
1114012000,37.556556,126.970987,면적중심,
1114012100,37.55651,126.981515,면적중심,
1114012200,37.558762,126.982934,면적중심,
1114012300,37.560168,126.984077,면적중심,
1114012400,37.56117,126.982518,면적중심,
1114012500,37.561729,126.987797,면적중심,
1114012600,37.564303,126.984663,면적중심,
1114012700,37.562903,126.985254,면적중심,
1114012800,37.559348,126.984598,면적중심,
1114012900,37.558592,126.985788,면적중심,
1114013000,37.560154,126.987418,면적중심,
1114013100,37.56443,126.987805,면적중심,
1114013200,37.562329,126.995839,면적중심,
1114013300,37.562843,126.999642,면적중심,
1114013400,37.564204,126.996146,면적중심,
1114013500,37.564254,126.998208,면적중심,
1114013600,37.561347,127.000563,면적중심,
1114013700,37.561088,126.992467,면적중심,
1114013800,37.558772,126.994722,면적중심,
1114013900,37.558516,126.997022,면적중심,
1114014000,37.560575,126.990829,면적중심,
1114014100,37.56066,126.989403,면적중심,
1114014200,37.555222,126.990117,면적중심,
1114014300,37.56098,127.007587,면적중심,
1114014400,37.554995,127.00059,면적중심,
1114014500,37.565023,127.005324,면적중심,
1114014600,37.563945,127.008428,면적중심,
1114014700,37.563529,127.004243,면적중심,
1114014800,37.567783,127.006884,면적중심,
1114014900,37.566288,127.009624,면적중심,
1114015000,37.566442,126.997754,면적중심,
1114015100,37.566725,127.002355,면적중심,
1114015200,37.56827,126.999376,면적중심,
1114015300,37.568727,127.00298,면적중심,
1114015400,37.564735,127.000886,면적중심,
1114015500,37.566326,126.992208,면적중심,
1114015600,37.567818,126.99292,면적중심,
1114015700,37.567677,126.995939,면적중심,
1114015800,37.562387,126.991746,면적중심,
1114015900,37.564426,126.992224,면적중심,
1114016000,37.564588,126.99431,면적중심,
1114016100,37.56424,126.989793,면적중심,
1114016200,37.557911,127.01367,면적중심,
1114016300,37.567311,127.016381,면적중심,
1114016400,37.564374,127.015287,면적중심,
1114016500,37.568545,127.020839,면적중심,
1114016600,37.563142,126.973919,면적중심,
1114016700,37.566611,126.973146,면적중심,
1114016800,37.562573,126.970713,면적중심,
1114016900,37.564116,126.968476,면적중심,
1114017000,37.566526,126.968279,면적중심,
1114017100,37.558836,126.966336,면적중심,
1114017200,37.560737,126.969622,면적중심,
1114017300,37.556165,126.967313,면적중심,
1114017400,37.554627,126.963964,면적중심,
1117010100,37.549902,126.980623,면적중심,
1117010200,37.542886,126.985019,면적중심,
1117010300,37.530536,126.985182,면적중심,
1117010400,37.545406,126.972366,면적중심,
1117010500,37.542862,126.973362,면적중심,
1117010600,37.540012,126.977027,면적중심,
1117010700,37.552072,126.972431,면적중심,
1117010800,37.552166,126.966799,면적중심,
1117010900,37.548792,126.967469,면적중심,
1117011000,37.546008,126.966243,면적중심,
1117011100,37.543256,126.967112,면적중심,
1117011200,37.539981,126.967447,면적중심,
1117011300,37.536297,126.96334,면적중심,
1117011400,37.535774,126.954978,면적중심,
1117011500,37.535486,126.951435,면적중심,
1117011600,37.534501,126.946668,면적중심,
1117011700,37.534327,126.957659,면적중심,
1117011800,37.532551,126.950716,면적중심,
1117011900,37.542824,126.960971,면적중심,
1117012000,37.538728,126.956042,면적중심,
1117012100,37.537659,126.959691,면적중심,
1117012200,37.537109,126.96942,면적중심,
1117012300,37.53518,126.965774,면적중심,
1117012400,37.536077,126.973022,면적중심,
1117012500,37.531541,126.968598,면적중심,
1117012600,37.531861,126.976939,면적중심,
1117012700,37.526147,126.974575,면적중심,
1117012800,37.527668,126.962192,면적중심,
1117012900,37.517453,126.966532,면적중심,
1117013000,37.53851,126.992523,면적중심,
1117013100,37.537543,127.005179,면적중심,
1117013200,37.524462,126.995145,면적중심,
1117013300,37.518622,126.991311,면적중심,
1117013400,37.521302,126.999822,면적중심,
1117013500,37.51864,126.984824,면적중심,
1117013600,37.526872,127.000936,면적중심,
1120010100,37.568457,127.024818,면적중심,
1120010200,37.563987,127.028025,면적중심,
1120010300,37.566491,127.032349,면적중심,
1120010400,37.563811,127.03355,면적중심,
1120010500,37.567364,127.040743,면적중심,
1120010600,37.558908,127.0476,면적중심,
1120010700,37.557627,127.035989,면적중심,
1120010800,37.550887,127.033808,면적중심,
1120010900,37.553561,127.024995,면적중심,
1120011000,37.55304,127.020415,면적중심,
1120011100,37.549892,127.019557,면적중심,
1120011200,37.545466,127.024301,면적중심,
1120011300,37.540888,127.02059,면적중심,
1120011400,37.54361,127.042821,면적중심,
1120011500,37.540686,127.056636,면적중심,
1120011800,37.55318,127.062079,면적중심,
1120012200,37.561467,127.05636,면적중심,
1121510100,37.563536,127.088787,면적중심,
1121510200,37.550579,127.081738,면적중심,
1121510300,37.544409,127.092849,면적중심,
1121510400,37.547833,127.10471,면적중심,
1121510500,37.531696,127.074525,면적중심,
1121510700,37.543232,127.073223,면적중심,
1121510900,37.553037,127.073672,면적중심,
1123010100,37.574944,127.025561,면적중심,
1123010200,37.575721,127.034292,면적중심,
1123010300,37.583775,127.037241,면적중심,
1123010400,37.579747,127.055705,면적중심,
1123010500,37.57102,127.056699,면적중심,
1123010600,37.570207,127.070024,면적중심,
1123010700,37.588796,127.045289,면적중심,
1123010800,37.593736,127.051453,면적중심,
1123010900,37.588214,127.064522,면적중심,
1123011000,37.599461,127.06325,면적중심,
1126010100,37.582376,127.089219,면적중심,
1126010200,37.598477,127.08712,면적중심,
1126010300,37.600501,127.078147,면적중심,
1126010400,37.612713,127.079742,면적중심,
1126010500,37.599587,127.106329,면적중심,
1126010600,37.612603,127.100809,면적중심,
1129010100,37.597245,126.992913,면적중심,
1129010200,37.589526,127.003703,면적중심,
1129010300,37.597794,127.018278,면적중심,
1129010400,37.590039,127.007264,면적중심,
1129010500,37.588721,127.008265,면적중심,
1129010600,37.590387,127.011253,면적중심,
1129010700,37.591757,127.010656,면적중심,
1129010800,37.591639,127.015387,면적중심,
1129010900,37.593532,127.014256,면적중심,
1129011000,37.596326,127.014198,면적중심,
1129011100,37.584913,127.007893,면적중심,
1129011200,37.58388,127.011376,면적중심,
1129011300,37.586543,127.013066,면적중심,
1129011400,37.590025,127.013168,면적중심,
1129011500,37.588541,127.015878,면적중심,
1129011600,37.592314,127.018236,면적중심,
1129011700,37.590179,127.020022,면적중심,
1129011800,37.593932,127.020684,면적중심,
1129011900,37.595196,127.018624,면적중심,
1129012000,37.596287,127.016669,면적중심,
1129012100,37.588706,127.022107,면적중심,
1129012200,37.5869,127.023187,면적중심,
1129012300,37.583546,127.023337,면적중심,
1129012400,37.580688,127.024667,면적중심,
1129012500,37.588457,127.028385,면적중심,
1129012600,37.582918,127.021368,면적중심,
1129012700,37.582398,127.020085,면적중심,
1129012800,37.580391,127.018864,면적중심,
1129012900,37.579774,127.022378,면적중심,
1129013000,37.586498,127.019668,면적중심,
1129013100,37.585757,127.018231,면적중심,
1129013200,37.583964,127.016364,면적중심,
1129013300,37.615587,126.997669,면적중심,
1129013400,37.608592,127.022142,면적중심,
1129013500,37.597174,127.033903,면적중심,
1129013600,37.604682,127.039357,면적중심,
1129013700,37.60617,127.047774,면적중심,
1129013800,37.615219,127.049915,면적중심,
1129013900,37.608266,127.061481,면적중심,
1130510100,37.621099,127.02388,면적중심,
1130510200,37.629044,127.036756,면적중심,
1130510300,37.638327,127.007372,면적중심,
1130510400,37.663286,127.000517,면적중심,
1132010500,37.653358,127.027097,면적중심,
1132010600,37.665284,127.031064,면적중심,
1132010700,37.647745,127.044065,면적중심,
1132010800,37.684849,127.029235,면적중심,
1135010200,37.628244,127.056741,면적중심,
1135010300,37.630496,127.091011,면적중심,
1135010400,37.637645,127.07251,면적중심,
1135010500,37.672992,127.070337,면적중심,
1135010600,37.651013,127.079998,면적중심,
1138010100,37.585573,126.894547,면적중심,
1138010200,37.60531,126.934583,면적중심,
1138010300,37.619156,126.935578,면적중심,
1138010400,37.621543,126.913579,면적중심,
1138010500,37.611073,126.907311,면적중심,
1138010600,37.612256,126.923153,면적중심,
1138010700,37.593835,126.923125,면적중심,
1138010800,37.604578,126.914625,면적중심,
1138010900,37.595613,126.907203,면적중심,
1138011000,37.584168,126.905964,면적중심,
1138011400,37.639677,126.937823,면적중심,
1141010100,37.564854,126.964176,면적중심,
1141010200,37.562117,126.961964,면적중심,
1141010300,37.561587,126.96607,면적중심,
1141010400,37.563345,126.967304,면적중심,
1141010500,37.566814,126.962419,면적중심,
1141010600,37.567906,126.959436,면적중심,
1141010700,37.569351,126.959128,면적중심,
1141010800,37.570299,126.957708,면적중심,
1141010900,37.573772,126.954046,면적중심,
1141011000,37.56242,126.954387,면적중심,
1141011100,37.587077,126.948951,면적중심,
1141011200,37.560413,126.946314,면적중심,
1141011300,37.56422,126.944309,면적중심,
1141011400,37.565545,126.941396,면적중심,
1141011500,37.572631,126.946926,면적중심,
1141011600,37.558699,126.934211,면적중심,
1141011700,37.571982,126.932828,면적중심,
1141011800,37.593025,126.938571,면적중심,
1141011900,37.57881,126.911179,면적중심,
1141012000,37.575622,126.919428,면적중심,
1144010100,37.554483,126.956191,면적중심,
1144010200,37.548112,126.954982,면적중심,
1144010300,37.544131,126.955943,면적중심,
1144010400,37.539759,126.950048,면적중심,
1144010500,37.541512,126.940457,면적중심,
1144010600,37.538912,126.939801,면적중심,
1144010700,37.537135,126.943844,면적중심,
1144010800,37.54976,126.943141,면적중심,
1144010900,37.549111,126.947242,면적중심,
1144011000,37.554389,126.937785,면적중심,
1144011100,37.548573,126.936813,면적중심,
1144011200,37.542222,126.934375,면적중심,
1144011300,37.545651,126.932515,면적중심,
1144011400,37.550255,126.930086,면적중심,
1144011500,37.546671,126.924487,면적중심,
1144011600,37.543709,126.927967,면적중심,
1144011700,37.543017,126.930464,면적중심,
1144011800,37.542593,126.919454,내부점보정,
1144012000,37.553782,126.918701,면적중심,
1144012100,37.557595,126.925154,면적중심,
1144012200,37.546976,126.908987,면적중심,
1144012300,37.555478,126.89993,면적중심,
1144012400,37.563023,126.921529,면적중심,
1144012500,37.565659,126.904694,면적중심,
1144012600,37.571631,126.906168,면적중심,
1144012700,37.57072,126.879886,면적중심,
1147010100,37.515195,126.855719,면적중심,
1147010200,37.536045,126.874521,면적중심,
1147010300,37.526606,126.834321,면적중심,
1150010100,37.55455,126.871781,면적중심,
1150010200,37.554602,126.86129,내부점보정,
1150010300,37.540699,126.847271,면적중심,
1150010400,37.567889,126.85106,면적중심,
1150010500,37.568649,126.82941,면적중심,
1150010600,37.552491,126.833305,면적중심,
1150010700,37.547088,126.819634,면적중심,
1150010800,37.553918,126.808933,면적중심,
1150010900,37.575895,126.813587,면적중심,
1150011000,37.587114,126.803593,면적중심,
1150011100,37.565625,126.787803,면적중심,
1150011200,37.552956,126.784774,면적중심,
1150011300,37.543477,126.797933,면적중심,
1153010100,37.509946,126.882185,면적중심,
1153010200,37.494235,126.884687,면적중심,
1153010300,37.4827,126.888038,면적중심,
1153010600,37.503168,126.858876,면적중심,
1153010700,37.494225,126.851943,면적중심,
1153010800,37.491992,126.838547,면적중심,
1153010900,37.500433,126.828526,면적중심,
1153011000,37.494144,126.820617,면적중심,
1153011100,37.480836,126.839819,면적중심,
1153011200,37.481036,126.824597,면적중심,
1154510100,37.476685,126.883778,면적중심,
1154510200,37.467476,126.898297,면적중심,
1154510300,37.44953,126.90929,면적중심,
1156010100,37.513786,126.906913,면적중심,
1156010200,37.517626,126.912867,면적중심,
1156010300,37.52061,126.912195,면적중심,
1156010400,37.518263,126.907899,면적중심,
1156010500,37.517891,126.903578,면적중심,
1156010600,37.521075,126.906681,면적중심,
1156010700,37.521632,126.903074,면적중심,
1156010800,37.524292,126.90712,면적중심,
1156010900,37.5283,126.905294,면적중심,
1156011000,37.528505,126.928468,면적중심,
1156011100,37.521685,126.898513,면적중심,
1156011200,37.522484,126.893706,면적중심,
1156011300,37.525862,126.897114,면적중심,
1156011400,37.529039,126.899136,면적중심,
1156011500,37.532087,126.9012,면적중심,
1156011600,37.534661,126.90288,면적중심,
1156011700,37.536424,126.904012,면적중심,
1156011800,37.509101,126.900542,면적중심,
1156011900,37.512283,126.89706,면적중심,
1156012000,37.512778,126.893095,면적중심,
1156012100,37.51727,126.895715,면적중심,
1156012200,37.514468,126.889873,면적중심,
1156012300,37.516683,126.883856,면적중심,
1156012400,37.519897,126.884654,면적중심,
1156012500,37.52319,126.888699,면적중심,
1156012600,37.523427,126.883758,면적중심,
1156012700,37.529036,126.891048,면적중심,
1156012800,37.536318,126.896152,면적중심,
1156012900,37.539367,126.892645,면적중심,
1156013000,37.542638,126.889573,면적중심,
1156013100,37.547969,126.889121,면적중심,
1156013200,37.506064,126.913614,면적중심,
1156013300,37.495427,126.900129,면적중심,
1156013400,37.532904,126.890135,내부점보정,
1159010100,37.51157,126.941884,면적중심,
1159010200,37.498708,126.94408,면적중심,
1159010300,37.503274,126.950642,면적중심,
1159010400,37.512448,126.953659,면적중심,
1159010500,37.505493,126.962337,면적중심,
1159010600,37.499217,126.973875,면적중심,
1159010700,37.485623,126.972312,면적중심,
1159010800,37.506879,126.928008,면적중심,
1159010900,37.492674,126.917191,면적중심,
1162010100,37.477975,126.953487,면적중심,
1162010200,37.4632,126.935808,면적중심,
1162010300,37.464111,126.977769,면적중심,
1165010100,37.479493,126.993118,면적중심,
1165010200,37.471969,127.037422,면적중심,
1165010300,37.465934,127.017944,면적중심,
1165010400,37.443321,127.04863,면적중심,
1165010600,37.515103,127.009092,면적중심,
1165010700,37.503965,127.000763,면적중심,
1165010800,37.488375,127.016805,면적중심,
1165010900,37.45815,127.076741,면적중심,
1165011000,37.46367,127.053651,면적중심,
1165011100,37.444074,127.062171,면적중심,
1168010100,37.500078,127.038549,면적중심,
1168010300,37.480276,127.062592,면적중심,
1168010400,37.524396,127.050472,면적중심,
1168010500,37.513969,127.056122,면적중심,
1168010600,37.49919,127.063347,면적중심,
1168010700,37.523807,127.026502,면적중심,
1168010800,37.513679,127.031712,면적중심,
1168011000,37.530736,127.028479,면적중심,
1168011100,37.464369,127.104597,면적중심,
1168011200,37.476268,127.100351,면적중심,
1168011300,37.470812,127.112071,면적중심,
1168011400,37.488008,127.08286,면적중심,
1168011500,37.485876,127.096719,면적중심,
1168011800,37.488596,127.045277,면적중심,
1171010100,37.511963,127.08339,면적중심,
1171010200,37.523924,127.098979,면적중심,
1171010300,37.533207,127.113997,면적중심,
1171010400,37.505108,127.113547,면적중심,
1171010500,37.502726,127.102513,면적중심,
1171010600,37.501902,127.091888,면적중심,
1171010700,37.495687,127.118404,면적중심,
1171010800,37.485585,127.122559,면적중심,
1171010900,37.476873,127.132064,면적중심,
1171011100,37.515675,127.125389,면적중심,
1171011200,37.504005,127.13402,면적중심,
1171011300,37.489727,127.14498,면적중심,
1171011400,37.498487,127.152753,면적중심,
1174010100,37.549054,127.15081,면적중심,
1174010200,37.563822,127.15823,면적중심,
1174010300,37.551103,127.16964,면적중심,
1174010500,37.539616,127.145929,면적중심,
1174010600,37.528264,127.144727,면적중심,
1174010700,37.557805,127.131062,면적중심,
1174010800,37.530494,127.128992,면적중심,
1174010900,37.544376,127.127631,면적중심,
1174011000,37.568916,127.173384,면적중심,
2611010100,35.112082,129.032093,면적중심,
2611010200,35.107816,129.036114,면적중심,
2611010300,35.110661,129.037416,면적중심,
2611010400,35.100752,129.035748,면적중심,
2611010500,35.102111,129.035556,면적중심,
2611010600,35.103411,129.035519,면적중심,
2611010700,35.107143,129.038764,면적중심,
2611010800,35.102185,129.037167,면적중심,
2611010900,35.099881,129.037151,면적중심,
2611011000,35.097637,129.036974,면적중심,
2611011100,35.099108,129.035695,면적중심,
2611011200,35.100201,129.034322,면적중심,
2611011300,35.101666,129.034018,면적중심,
2611011400,35.103287,129.034218,면적중심,
2611011500,35.107492,129.033953,면적중심,
2611011600,35.104373,129.03284,면적중심,
2611011700,35.102988,129.031018,면적중심,
2611011800,35.102997,129.028918,면적중심,
2611011900,35.106153,129.029866,면적중심,
2611012000,35.106811,129.025856,면적중심,
2611012100,35.10509,129.023445,면적중심,
2611012200,35.104274,129.022287,면적중심,
2611012300,35.100729,129.02711,면적중심,
2611012400,35.100585,129.025755,면적중심,
2611012500,35.101365,129.02454,면적중심,
2611012600,35.102164,129.022692,면적중심,
2611012700,35.10132,129.030369,면적중심,
2611012800,35.101254,129.029453,면적중심,
2611012900,35.101307,129.028847,면적중심,
2611013000,35.101256,129.02823,면적중심,
2611013100,35.099516,129.030309,면적중심,
2611013200,35.099553,129.028611,면적중심,
2611013300,35.098729,129.034458,면적중심,
2611013400,35.100096,129.03245,면적중심,
2611013500,35.100572,129.03134,면적중심,
2611013600,35.097276,129.034901,면적중심,
2611013700,35.098284,129.03248,면적중심,
2611013800,35.098934,129.029255,면적중심,
2611013900,35.097382,129.032018,면적중심,
2611014000,35.097593,129.029441,면적중심,
2611014100,35.097217,129.026998,면적중심,
2614010100,35.109985,129.022228,면적중심,
2614010200,35.113377,129.023152,면적중심,
2614010300,35.123728,129.021632,면적중심,
2614010400,35.107511,129.015073,면적중심,
2614010500,35.109601,129.011202,면적중심,
2614010600,35.125841,129.009884,면적중심,
2614010700,35.106525,129.020958,면적중심,
2614010800,35.106443,129.017666,면적중심,
2614010900,35.103561,129.02059,면적중심,
2614011000,35.103655,129.019324,면적중심,
2614011100,35.10375,129.016199,면적중심,
2614011200,35.099404,129.023305,면적중심,
2614011300,35.100212,129.021502,면적중심,
2614011400,35.100251,129.02032,면적중심,
2614011500,35.10038,129.019117,면적중심,
2614011600,35.100236,129.013027,면적중심,
2614011700,35.097413,129.023504,면적중심,
2614011800,35.097488,129.02173,면적중심,
2614011900,35.094142,129.017497,면적중심,
2614012000,35.095523,129.02452,면적중심,
2614012100,35.09527,129.022269,면적중심,
2614012200,35.093863,129.022234,면적중심,
2614012300,35.087227,129.021475,면적중심,
2614012400,35.070358,129.014363,면적중심,
2617010100,35.120587,129.03735,면적중심,
2617010200,35.132269,129.038442,면적중심,
2617010300,35.129729,129.053097,면적중심,
2617010400,35.136887,129.055571,면적중심,
2620010100,35.092976,129.037949,면적중심,
2620010200,35.091684,129.041004,면적중심,
2620010300,35.091072,129.034978,면적중심,
2620010400,35.092549,129.032742,면적중심,
2620010500,35.090243,129.039196,면적중심,
2620010600,35.088309,129.037424,면적중심,
2620010700,35.085092,129.037106,면적중심,
2620010800,35.090421,129.043905,면적중심,
2620010900,35.088265,129.042591,면적중심,
2620011000,35.085834,129.041351,면적중심,
2620011100,35.079174,129.045882,면적중심,
2620011200,35.090157,129.047059,면적중심,
2620011300,35.0866,129.048015,면적중심,
2620011400,35.08228,129.049821,면적중심,
2620011500,35.094436,129.040221,면적중심,
2620011600,35.094625,129.042869,면적중심,
2620011700,35.093887,129.044979,면적중심,
2620011800,35.092121,129.048993,면적중심,
2620011900,35.093534,129.052033,면적중심,
2620012000,35.091476,129.061344,면적중심,
2620012100,35.070796,129.074513,면적중심,
2623010100,35.17225,129.070962,면적중심,
2623010200,35.157509,129.071092,면적중심,
2623010300,35.157384,129.057922,면적중심,
2623010400,35.148046,129.051814,면적중심,
2623010500,35.167005,129.060098,면적중심,
2623010600,35.172006,129.053353,면적중심,
2623010700,35.185866,129.040595,면적중심,
2623010800,35.172056,129.038102,면적중심,
2623010900,35.1673,129.028919,면적중심,
2623011000,35.146905,129.032337,면적중심,
2623011100,35.153872,129.020639,면적중심,
2626010100,35.20702,129.102549,면적중심,
2626010200,35.195951,129.105439,면적중심,
2626010300,35.204489,129.092153,면적중심,
2626010400,35.196675,129.092561,면적중심,
2626010500,35.206796,129.088321,면적중심,
2626010600,35.198943,129.084975,면적중심,
2626010700,35.210938,129.085086,면적중심,
2626010800,35.21388,129.068176,면적중심,
2626010900,35.198906,129.058914,면적중심,
2629010600,35.140759,129.092474,면적중심,
2629010700,35.114671,129.11441,면적중심,
2629010800,35.112364,129.097638,면적중심,
2629010900,35.140989,129.072715,면적중심,
2629011000,35.126036,129.075822,면적중심,
2629011100,35.113017,129.080174,면적중심,
2632010100,35.261731,129.023157,면적중심,
2632010200,35.238337,129.025348,면적중심,
2632010300,35.213775,129.038529,면적중심,
2632010400,35.215045,129.01013,면적중심,
2632010500,35.198397,129.006955,면적중심,
2635010100,35.22627,129.152453,면적중심,
2635010200,35.22493,129.1322,면적중심,
2635010300,35.204936,129.131519,면적중심,
2635010400,35.185756,129.128266,면적중심,
2635010500,35.17437,129.147893,면적중심,
2635010600,35.162505,129.17674,면적중심,
2635010700,35.184466,129.174232,면적중심,
2635010800,35.184725,129.197423,면적중심,
2638010100,35.103504,128.994232,면적중심,
2638010200,35.112367,128.983146,면적중심,
2638010300,35.109939,128.952477,면적중심,
2638010400,35.090592,128.966439,면적중심,
2638010500,35.076052,128.968968,면적중심,
2638010600,35.055726,128.969958,면적중심,
2638010700,35.073801,128.990559,면적중심,
2638010800,35.089301,129.004435,면적중심,
2641010100,35.291427,129.111008,면적중심,
2641010200,35.290111,129.090927,면적중심,
2641010300,35.282125,129.069762,면적중심,
2641010400,35.268023,129.080575,면적중심,
2641010500,35.271172,129.112869,면적중심,
2641010600,35.248382,129.11845,면적중심,
2641010700,35.254316,129.084153,면적중심,
2641010800,35.23528,129.074684,면적중심,
2641010900,35.232066,129.095763,면적중심,
2641011000,35.217958,129.103386,면적중심,
2641011100,35.221087,129.111698,면적중심,
2641011200,35.237539,129.127336,면적중심,
2641011300,35.25408,129.053921,면적중심,
2644010100,35.211084,128.966082,면적중심,
2644010200,35.160478,128.942623,면적중심,
2644010300,35.180469,128.918628,면적중심,
2644010400,35.102532,128.913277,면적중심,
2644010500,35.200816,128.899887,면적중심,
2644010600,35.212703,128.908806,면적중심,
2644010700,35.199776,128.883418,면적중심,
2644010800,35.168851,128.894636,면적중심,
2644010900,35.09948,128.847157,면적중심,
2644011000,35.104139,128.875037,면적중심,
2644011100,35.117137,128.880606,면적중심,
2644011200,35.132225,128.879347,면적중심,
2644011300,35.127437,128.854215,면적중심,
2644011400,35.145918,128.824876,면적중심,
2644011500,35.152831,128.859185,면적중심,
2644011600,35.156487,128.880541,면적중심,
2644011700,35.084586,128.876549,면적중심,
2644011800,35.045331,128.837524,면적중심,
2644011900,35.064666,128.819971,면적중심,
2644012000,35.067161,128.84622,면적중심,
2644012100,35.031564,128.821302,면적중심,
2644012200,35.008165,128.830802,면적중심,
2647010100,35.188571,129.06759,면적중심,
2647010200,35.179041,129.091354,면적중심,
2650010100,35.172958,129.104697,면적중심,
2650010200,35.170453,129.117633,면적중심,
2650010300,35.159708,129.125585,면적중심,
2650010400,35.159553,129.109361,면적중심,
2650010500,35.144134,129.109679,면적중심,
2653010100,35.175086,128.972284,면적중심,
2653010200,35.184575,129.001107,면적중심,
2653010300,35.174641,128.988449,면적중심,
2653010400,35.16612,128.993145,면적중심,
2653010500,35.150328,128.972736,내부점보정,
2653010600,35.151615,129.005558,면적중심,
2653010700,35.137702,128.98885,면적중심,
2653010800,35.130001,128.970597,면적중심,
2671025000,35.225952,129.206996,면적중심,
2671025300,35.349511,129.247197,면적중심,
2671025600,35.335991,129.17792,면적중심,
2671025900,35.287267,129.223111,면적중심,
2671033000,35.281949,129.154456,면적중심,
2711010100,35.872337,128.603738,면적중심,
2711010200,35.869072,128.603333,면적중심,
2711010300,35.871815,128.610066,면적중심,
2711010400,35.867788,128.610493,면적중심,
2711010500,35.86654,128.5981,면적중심,
2711010600,35.865452,128.602681,면적중심,
2711010700,35.864357,128.608848,면적중심,
2711010800,35.863054,128.597331,면적중심,
2711010900,35.868867,128.590616,면적중심,
2711011000,35.870494,128.590012,면적중심,
2711011100,35.869747,128.58919,면적중심,
2711011200,35.866088,128.593311,면적중심,
2711011300,35.87034,128.591209,면적중심,
2711011400,35.868379,128.592029,면적중심,
2711011500,35.870481,128.594475,내부점보정,
2711011600,35.86974,128.592817,면적중심,
2711011700,35.869439,128.593702,면적중심,
2711011800,35.870763,128.592875,면적중심,
2711011900,35.867477,128.593883,면적중심,
2711012000,35.871993,128.598561,면적중심,
2711012100,35.87128,128.597396,면적중심,
2711012200,35.869388,128.598457,면적중심,
2711012300,35.870091,128.595672,면적중심,
2711012400,35.874939,128.597931,면적중심,
2711012500,35.873376,128.598957,면적중심,
2711012600,35.873977,128.596778,면적중심,
2711012700,35.873778,128.597867,면적중심,
2711012800,35.872553,128.599333,면적중심,
2711012900,35.876622,128.583424,면적중심,
2711013000,35.875332,128.585881,면적중심,
2711013100,35.877053,128.586355,면적중심,
2711013200,35.872955,128.584079,면적중심,
2711013300,35.873313,128.585819,면적중심,
2711013400,35.872485,128.587243,면적중심,
2711013500,35.872159,128.582508,면적중심,
2711013600,35.870249,128.58809,면적중심,
2711013700,35.868414,128.589471,면적중심,
2711013800,35.869295,128.586408,면적중심,
2711013900,35.867209,128.589194,면적중심,
2711014000,35.868091,128.584297,면적중심,
2711014100,35.870935,128.586372,면적중심,
2711014200,35.870119,128.587252,면적중심,
2711014300,35.871922,128.592975,면적중심,
2711014400,35.871679,128.589305,면적중심,
2711014500,35.872727,128.588723,면적중심,
2711014600,35.873975,128.58928,면적중심,
2711014700,35.873162,128.591461,면적중심,
2711014800,35.873106,128.595799,면적중심,
2711014900,35.875796,128.592561,면적중심,
2711015000,35.874358,128.59373,면적중심,
2711015100,35.873193,128.594882,면적중심,
2711015200,35.873338,128.593758,면적중심,
2711015300,35.873016,128.589725,면적중심,
2711015400,35.867153,128.578919,면적중심,
2711015500,35.87543,128.58062,내부점보정,
2711015600,35.861152,128.586245,면적중심,
2711015700,35.858821,128.602587,면적중심,
2714010100,35.883982,128.624494,면적중심,
2714010200,35.872685,128.623302,면적중심,
2714010300,35.880149,128.642906,면적중심,
2714010400,35.932852,128.701865,면적중심,
2714010500,35.927409,128.644082,면적중심,
2714010600,35.907147,128.636069,면적중심,
2714010700,35.923028,128.666093,면적중심,
2714010800,35.899832,128.641903,면적중심,
2714010900,35.897931,128.651502,면적중심,
2714011000,35.895835,128.659941,면적중심,
2714011100,35.884415,128.668176,면적중심,
2714011200,35.907433,128.68804,면적중심,
2714011300,35.891526,128.689644,면적중심,
2714011400,35.882794,128.684438,면적중심,
2714011500,35.86448,128.709672,면적중심,
2714011600,35.866086,128.717665,면적중심,
2714011700,35.868504,128.704948,면적중심,
2714011800,35.864827,128.693338,면적중심,
2714011900,35.875231,128.687212,면적중심,
2714012000,35.879975,128.704261,면적중심,
2714012100,35.907289,128.710319,면적중심,
2714012200,35.914891,128.727879,면적중심,
2714012300,35.885783,128.717729,면적중심,
2714012400,35.885568,128.730202,면적중심,
2714012500,35.891226,128.741418,면적중심,
2714012600,35.871825,128.738499,면적중심,
2714012700,35.859124,128.736754,면적중심,
2714012800,35.867897,128.746626,면적중심,
2714012900,35.871252,128.752943,면적중심,
2714013000,35.881328,128.7515,면적중심,
2714013100,35.902197,128.751489,면적중심,
2714013200,35.966916,128.735082,면적중심,
2714013300,35.955356,128.722407,면적중심,
2714013400,35.989379,128.711235,면적중심,
2714013500,35.954378,128.695923,면적중심,
2714013600,35.966711,128.686125,면적중심,
2714013700,35.987588,128.684323,면적중심,
2714013800,35.999884,128.669776,면적중심,
2714013900,35.955833,128.672324,면적중심,
2714014000,35.968063,128.657412,면적중심,
2714014100,35.985723,128.649581,면적중심,
2714014200,35.987948,128.635527,면적중심,
2714014300,35.995575,128.625203,면적중심,
2714014400,35.987551,128.616714,면적중심,
2714014500,35.95027,128.64282,면적중심,
2717010100,35.861715,128.559743,면적중심,
2717010200,35.883514,128.55832,면적중심,
2717010300,35.873779,128.55705,면적중심,
2717010400,35.877186,128.525754,면적중심,
2717010500,35.864022,128.540318,면적중심,
2717010600,35.875301,128.539075,면적중심,
2717010700,35.88171,128.577104,면적중심,
2717010800,35.884308,128.580158,면적중심,
2717010900,35.885848,128.575155,면적중심,
2720010100,35.851508,128.602152,면적중심,
2720010200,35.829189,128.59574,면적중심,
2720010300,35.837268,128.576952,면적중심,
2723010100,35.875799,128.604881,면적중심,
2723010200,35.880404,128.594936,면적중심,
2723010300,35.878775,128.585196,면적중심,
2723010400,35.880129,128.583733,면적중심,
2723010500,35.882447,128.585457,면적중심,
2723010600,35.894653,128.588106,면적중심,
2723010700,35.888814,128.579514,면적중심,
2723010800,35.891037,128.573527,면적중심,
2723010900,35.896049,128.567347,면적중심,
2723011000,35.884263,128.608158,면적중심,
2723011100,35.900675,128.605197,면적중심,
2723011200,35.897551,128.62175,면적중심,
2723011300,35.917235,128.622442,면적중심,
2723011400,35.926637,128.611381,면적중심,
2723011500,35.925288,128.594123,면적중심,
2723011600,35.916653,128.576147,면적중심,
2723011700,35.908522,128.560892,면적중심,
2723011800,35.959414,128.543286,면적중심,
2723011900,35.967357,128.566781,면적중심,
2723012000,35.953084,128.56644,면적중심,
2723012100,35.96921,128.591162,면적중심,
2723012200,35.948015,128.587711,면적중심,
2723012300,35.932246,128.567449,면적중심,
2723012400,35.939331,128.559297,면적중심,
2723012500,35.944678,128.54016,면적중심,
2723012600,35.922501,128.544694,면적중심,
2723012700,35.910259,128.53921,면적중심,
2723012800,35.897683,128.538861,면적중심,
2723012900,35.903708,128.526004,면적중심,
2723013000,35.901148,128.512692,면적중심,
2723013100,35.959063,128.613525,면적중심,
2726010100,35.857723,128.631282,면적중심,
2726010200,35.862276,128.649725,면적중심,
2726010300,35.854977,128.61094,면적중심,
2726010400,35.855363,128.615447,면적중심,
2726010500,35.855138,128.619112,면적중심,
2726010600,35.862586,128.616123,면적중심,
2726010700,35.842246,128.632951,면적중심,
2726010800,35.844685,128.612143,면적중심,
2726010900,35.833362,128.61156,면적중심,
2726011000,35.812466,128.614164,면적중심,
2726011100,35.828358,128.620672,면적중심,
2726011200,35.825628,128.635507,면적중심,
2726011300,35.810195,128.656288,면적중심,
2726011400,35.843454,128.694965,면적중심,
2726011500,35.850251,128.708675,면적중심,
2726011600,35.851253,128.720447,면적중심,
2726011700,35.839576,128.720448,면적중심,
2726011800,35.835926,128.709341,면적중심,
2726011900,35.808737,128.698426,면적중심,
2726012000,35.83032,128.696856,면적중심,
2726012200,35.82664,128.669579,면적중심,
2726012300,35.840402,128.671342,면적중심,
2726012400,35.842623,128.659354,면적중심,
2726012500,35.863049,128.669931,면적중심,
2726012600,35.852075,128.686823,면적중심,
2726012700,35.820035,128.683797,면적중심,
2729010100,35.844566,128.55632,면적중심,
2729010200,35.854143,128.561487,면적중심,
2729010400,35.844809,128.474035,면적중심,
2729010500,35.835691,128.482206,면적중심,
2729010600,35.842051,128.501562,면적중심,
2729010700,35.856767,128.492472,면적중심,
2729010800,35.858145,128.508211,면적중심,
2729010900,35.840087,128.515393,면적중심,
2729011000,35.84581,128.523595,면적중심,
2729011100,35.857983,128.523906,면적중심,
2729011200,35.854476,128.536942,면적중심,
2729011300,35.849178,128.540663,면적중심,
2729011400,35.839957,128.538244,면적중심,
2729011500,35.813796,128.55554,면적중심,
2729011600,35.7949,128.557425,면적중심,
2729011700,35.812731,128.525679,면적중심,
2729011800,35.815006,128.513435,면적중심,
2729011900,35.823752,128.497988,면적중심,
2729012000,35.828189,128.527546,면적중심,
2729012100,35.830172,128.508819,면적중심,
2729012200,35.825836,128.555113,면적중심,
2729012300,35.798746,128.527588,면적중심,
2729012400,35.833733,128.539658,면적중심,
2729012500,35.850891,128.482959,면적중심,
2771025000,35.786486,128.512021,면적중심,
2771025300,35.751963,128.434039,면적중심,
2771025600,35.87185,128.465931,면적중심,
2771025900,35.683291,128.487017,면적중심,
2771026200,35.76816,128.47838,면적중심,
2771026500,35.688343,128.424183,면적중심,
2771031000,35.75781,128.619451,면적중심,
2771033000,35.897972,128.429287,면적중심,
2771038000,35.656496,128.402874,면적중심,
2772025000,36.237093,128.572804,면적중심,
2772031000,36.262441,128.476877,면적중심,
2772032000,36.138294,128.597126,면적중심,
2772033000,36.062223,128.660316,면적중심,
2772034000,36.169839,128.659817,면적중심,
2772035000,36.170471,128.738227,면적중심,
2772036000,36.100793,128.709686,면적중심,
2772037000,36.151176,128.820405,면적중심,
2811010100,37.473457,126.620456,면적중심,
2811010200,37.472792,126.621735,면적중심,
2811010300,37.471998,126.622877,면적중심,
2811010400,37.471307,126.624105,면적중심,
2811010500,37.472845,126.619946,면적중심,
2811010600,37.472176,126.621187,면적중심,
2811010700,37.471357,126.622297,면적중심,
2811010800,37.470665,126.623501,면적중심,
2811010900,37.473699,126.621577,면적중심,
2811011000,37.472743,126.623522,면적중심,
2811011100,37.472061,126.624777,면적중심,
2811011200,37.473901,126.616768,면적중심,
2811011300,37.472434,126.617622,면적중심,
2811011400,37.472056,126.61936,면적중심,
2811011500,37.471404,126.620512,면적중심,
2811011600,37.470712,126.62172,면적중심,
2811011700,37.470034,126.622893,면적중심,
2811011800,37.452238,126.602614,내부점보정,
2811011900,37.474628,126.622464,면적중심,
2811012000,37.473954,126.624627,면적중심,
2811012100,37.473438,126.625982,면적중심,
2811012200,37.468781,126.625538,면적중심,
2811012300,37.467086,126.628029,면적중심,
2811012400,37.471079,126.626683,면적중심,
2811012500,37.469804,126.62923,면적중심,
2811012600,37.466993,126.631431,면적중심,
2811012700,37.46625,126.633882,면적중심,
2811012800,37.442904,126.626172,면적중심,
2811012900,37.465669,126.637298,면적중심,
2811013000,37.469744,126.636989,면적중심,
2811013100,37.470282,126.633829,면적중심,
2811013200,37.467092,126.640165,면적중심,
2811013300,37.473403,126.627858,면적중심,
2811013400,37.472121,126.632857,면적중심,
2811013500,37.473199,126.631216,면적중심,
2811013600,37.474935,126.631423,면적중심,
2811013700,37.477199,126.626222,면적중심,
2811013800,37.473422,126.605206,면적중심,
2811013900,37.476649,126.618311,면적중심,
2811014000,37.476121,126.62069,면적중심,
2811014100,37.474553,126.618233,면적중심,
2811014200,37.480023,126.623356,면적중심,
2811014300,37.479153,126.619418,면적중심,
2811014400,37.478064,126.621079,면적중심,
2811014500,37.507867,126.561467,면적중심,
2811014600,37.48471,126.529531,면적중심,
2811014700,37.469503,126.450976,면적중심,
2811014800,37.514728,126.517223,면적중심,
2811014900,37.455267,126.379362,면적중심,
2811015000,37.449847,126.413741,면적중심,
2811015100,37.435151,126.419882,면적중심,
2811015200,37.386533,126.419529,면적중심,
2814010100,37.486927,126.618737,면적중심,
2814010200,37.485022,126.629896,면적중심,
2814010300,37.486895,126.639897,면적중심,
2814010400,37.479092,126.630998,면적중심,
2814010500,37.470726,126.640782,면적중심,
2814010600,37.472679,126.640065,면적중심,
2814010700,37.478572,126.650897,면적중심,
2817710100,37.463127,126.650853,면적중심,
2817710200,37.451701,126.647095,면적중심,
2817710300,37.43947,126.654743,면적중심,
2817710400,37.470542,126.664285,면적중심,
2817710500,37.456976,126.680993,면적중심,
2817710600,37.442706,126.69443,면적중심,
2817710700,37.436565,126.685529,면적중심,
2818510100,37.424255,126.648451,면적중심,
2818510200,37.429679,126.697559,면적중심,
2818510300,37.420412,126.683299,면적중심,
2818510400,37.42482,126.666455,면적중심,
2818510500,37.40688,126.66437,면적중심,
2818510600,37.384999,126.638729,면적중심,
2820010100,37.448595,126.711134,면적중심,
2820010200,37.465553,126.707198,면적중심,
2820010300,37.454934,126.735105,면적중심,
2820010400,37.458897,126.761146,면적중심,
2820010500,37.430929,126.749164,면적중심,
2820010600,37.439573,126.764288,면적중심,
2820010700,37.424664,126.710882,면적중심,
2820010800,37.436708,126.727429,면적중심,
2820010900,37.418937,126.726466,면적중심,
2820011000,37.404676,126.72474,면적중심,
2820011100,37.395102,126.695511,면적중심,
2823710100,37.489233,126.723488,면적중심,
2823710200,37.477422,126.699742,면적중심,
2823710300,37.500074,126.702332,면적중심,
2823710400,37.516253,126.70523,면적중심,
2823710500,37.517155,126.743515,면적중심,
2823710600,37.515464,126.726622,면적중심,
2823710700,37.492924,126.737213,면적중심,
2823710800,37.478264,126.742062,면적중심,
2823710900,37.472843,126.75354,면적중심,
2824510100,37.531771,126.702208,면적중심,
2824510200,37.542863,126.723026,면적중심,
2824510300,37.529785,126.729791,면적중심,
2824510400,37.530887,126.751591,면적중심,
2824510500,37.547182,126.734187,면적중심,
2824510600,37.540796,126.744802,면적중심,
2824510700,37.545483,126.74912,면적중심,
2824510800,37.554506,126.733264,면적중심,
2824510900,37.55188,126.751546,면적중심,
2824511000,37.558989,126.76112,면적중심,
2824511100,37.567492,126.747021,면적중심,
2824511200,37.574886,126.772077,면적중심,
2824511300,37.580889,126.78593,면적중심,
2824511400,37.58349,126.771583,면적중심,
2824511500,37.58039,126.758928,면적중심,
2824511600,37.578137,126.747852,면적중심,
2824511700,37.587102,126.738599,면적중심,
2824511800,37.58513,126.72771,면적중심,
2824511900,37.578956,126.721993,면적중심,
2824512000,37.576088,126.69798,면적중심,
2824512100,37.564266,126.710163,면적중심,
2824512200,37.563949,126.722686,면적중심,
2824512300,37.575876,126.735093,면적중심,
2826010100,37.579215,126.668843,면적중심,
2826010200,37.570802,126.687976,면적중심,
2826010300,37.564505,126.674967,면적중심,
2826010400,37.556723,126.649006,면적중심,
2826010500,37.551187,126.694619,면적중심,
2826010600,37.547288,126.665895,면적중심,
2826010700,37.541508,126.679938,면적중심,
2826010800,37.527297,126.675605,면적중심,
2826010900,37.519027,126.667117,면적중심,
2826011000,37.505489,126.666465,면적중심,
2826011100,37.512675,126.626781,면적중심,
2826011200,37.489829,126.673686,면적중심,
2826011300,37.605521,126.667043,면적중심,
2826011400,37.587336,126.693841,면적중심,
2826011500,37.596904,126.70791,면적중심,
2826011700,37.625955,126.665689,면적중심,
2826011800,37.614555,126.642979,면적중심,
2826011900,37.583907,126.626161,내부점보정,
2826012000,37.591271,126.650806,면적중심,
2826012100,37.609867,126.688679,면적중심,
2826012200,37.534533,126.6277,면적중심,
2871025000,37.751744,126.488142,면적중심,
2871031000,37.716097,126.486077,면적중심,
2871032000,37.684073,126.481687,면적중심,
2871033000,37.627483,126.497781,면적중심,
2871034000,37.618845,126.424065,면적중심,
2871035000,37.672515,126.43263,면적중심,
2871036000,37.723021,126.394174,면적중심,
2871037000,37.76235,126.401203,면적중심,
2871038000,37.801473,126.403123,면적중심,
2871039000,37.778894,126.459588,면적중심,
2871040000,37.78677,126.265435,면적중심,
2871041000,37.698772,126.320239,면적중심,
2871042000,37.662082,126.199633,면적중심,
2872031000,37.532544,126.355616,내부점보정,
2872033000,37.953669,124.674873,면적중심,
2872034000,37.814579,124.709298,면적중심,
2872035000,37.200175,126.182124,내부점보정,
2872036000,37.257335,126.468093,면적중심,
2872037000,37.257976,126.305948,내부점보정,
2872038000,37.660144,125.698818,면적중심,
2911010100,35.15401,126.915223,면적중심,
2911010200,35.152697,126.912337,면적중심,
2911010300,35.151344,126.911238,면적중심,
2911010400,35.150502,126.909713,면적중심,
2911010500,35.149117,126.92052,면적중심,
2911010600,35.150604,126.918389,면적중심,
2911010700,35.150073,126.921791,면적중심,
2911010800,35.150568,126.925438,면적중심,
2911010900,35.159755,126.920538,면적중심,
2911011000,35.156506,126.93414,면적중심,
2911011100,35.148604,126.94227,면적중심,
2911011200,35.144197,126.920105,면적중심,
2911011300,35.146494,126.919478,면적중심,
2911011400,35.143312,126.917677,면적중심,
2911011500,35.147615,126.912494,면적중심,
2911011600,35.145485,126.91483,면적중심,
2911011700,35.147305,126.915558,면적중심,
2911011800,35.142168,126.929683,면적중심,
2911011900,35.117403,126.945537,면적중심,
2911012000,35.105038,126.977996,면적중심,
2911012100,35.127815,126.965772,면적중심,
2911012200,35.136661,126.931509,면적중심,
2911012300,35.102499,126.940809,면적중심,
2911012400,35.085332,126.951883,면적중심,
2911012500,35.087973,126.934772,면적중심,
2911012600,35.113247,126.924292,면적중심,
2911012700,35.147125,126.917808,면적중심,
2911012800,35.14803,126.916505,면적중심,
2911012900,35.148868,126.915148,면적중심,
2911013000,35.149529,126.913461,면적중심,
2911013100,35.14783,126.919109,면적중심,
2911013200,35.148767,126.917448,면적중심,
2911013300,35.149925,126.91632,면적중심,
2911013400,35.150931,126.915151,면적중심,
2914010400,35.154523,126.899586,면적중심,
2914010600,35.154238,126.888206,면적중심,
2914011500,35.165508,126.880188,면적중심,
2914011600,35.165238,126.852004,면적중심,
2914011700,35.166089,126.836606,면적중심,
2914011800,35.152877,126.862526,면적중심,
2914011900,35.145121,126.876381,면적중심,
2914012000,35.153274,126.841864,면적중심,
2914012100,35.160268,126.872439,면적중심,
2914012500,35.108823,126.824724,면적중심,
2914012600,35.120154,126.83114,면적중심,
2914012700,35.099447,126.815756,면적중심,
2914012800,35.125285,126.875347,면적중심,
2914012900,35.132509,126.831389,면적중심,
2914013000,35.132524,126.855582,면적중심,
2914013100,35.142353,126.841121,면적중심,
2914013200,35.115468,126.851246,면적중심,
2914013300,35.170844,126.859637,면적중심,
2915510100,35.143531,126.912586,면적중심,
2915510200,35.146856,126.909831,면적중심,
2915510300,35.144465,126.907217,면적중심,
2915510400,35.144854,126.895865,면적중심,
2915510500,35.137726,126.903972,면적중심,
2915510600,35.130847,126.893853,면적중심,
2915510700,35.100387,126.908932,면적중심,
2915510800,35.115893,126.899745,면적중심,
2915510900,35.09026,126.899223,면적중심,
2915511000,35.099457,126.887559,면적중심,
2915511100,35.103233,126.870255,면적중심,
2915511200,35.110878,126.882361,면적중심,
2915511300,35.138426,126.914408,면적중심,
2915511400,35.131045,126.920349,면적중심,
2915511500,35.124613,126.912234,면적중심,
2915511600,35.056434,126.807047,면적중심,
2915511700,35.065829,126.787208,면적중심,
2915511800,35.076314,126.845194,면적중심,
2915511900,35.061446,126.7713,면적중심,
2915512000,35.082367,126.833707,면적중심,
2915512100,35.091165,126.832945,면적중심,
2915512200,35.079538,126.801218,면적중심,
2915512300,35.069763,126.834431,면적중심,
2915512400,35.085266,126.81566,면적중심,
2915512500,35.059699,126.817823,면적중심,
2915512600,35.085478,126.877536,면적중심,
2915512700,35.088511,126.858586,면적중심,
2915512800,35.072176,126.820852,면적중심,
2915512900,35.09497,126.849565,면적중심,
2915513000,35.065934,126.805731,면적중심,
2917010100,35.167339,126.911981,면적중심,
2917010200,35.158624,126.904714,면적중심,
2917010300,35.154085,126.906365,면적중심,
2917010400,35.156171,126.909609,면적중심,
2917010500,35.163748,126.893636,면적중심,
2917010600,35.168243,126.900069,면적중심,
2917010700,35.179185,126.900485,면적중심,
2917010800,35.181171,126.8592,면적중심,
2917010900,35.17878,126.878235,면적중심,
2917011000,35.174494,126.921325,면적중심,
2917011100,35.165227,126.926167,면적중심,
2917011200,35.189139,126.927271,면적중심,
2917011300,35.183018,126.94209,면적중심,
2917011400,35.169931,126.936835,면적중심,
2917011500,35.191188,126.910915,면적중심,
2917011600,35.20298,126.906083,면적중심,
2917011700,35.190747,126.889025,면적중심,
2917011800,35.176964,127.007191,면적중심,
2917011900,35.179945,126.983343,면적중심,
2917012000,35.150569,126.995253,면적중심,
2917012100,35.200018,126.951525,면적중심,
2917012200,35.170968,126.960415,면적중심,
2917012300,35.14985,126.968115,면적중심,
2917012400,35.212263,126.928022,면적중심,
2917012500,35.226391,126.940391,면적중심,
2917012600,35.221295,126.882633,면적중심,
2917012700,35.21042,126.895961,면적중심,
2917012800,35.202917,126.878523,면적중심,
2917012900,35.199771,126.863965,면적중심,
2917013000,35.212737,126.862947,면적중심,
2917013100,35.222713,126.872561,면적중심,
2917013200,35.233835,126.881951,면적중심,
2917013300,35.248075,126.92685,면적중심,
2917013400,35.241077,126.924639,면적중심,
2917013500,35.236912,126.915416,면적중심,
2917013600,35.241274,126.892869,면적중심,
2917013700,35.252446,126.90645,면적중심,
2917013800,35.227009,126.900905,면적중심,
2917013900,35.240306,126.86868,면적중심,
2917014000,35.229492,126.857804,면적중심,
2917014100,35.226656,126.848562,면적중심,
2920010100,35.136077,126.799032,면적중심,
2920010200,35.125722,126.79313,면적중심,
2920010300,35.121369,126.80583,면적중심,
2920010400,35.136185,126.813934,면적중심,
2920010500,35.156019,126.754332,면적중심,
2920010600,35.163708,126.775624,면적중심,
2920010700,35.149657,126.775545,면적중심,
2920010800,35.153679,126.79429,면적중심,
2920010900,35.154977,126.81569,면적중심,
2920011000,35.117028,126.788683,면적중심,
2920011100,35.170535,126.750248,면적중심,
2920011200,35.224401,126.825621,면적중심,
2920011300,35.213142,126.819891,면적중심,
2920011400,35.199113,126.828634,면적중심,
2920011500,35.214328,126.837435,면적중심,
2920011600,35.218944,126.84818,면적중심,
2920011700,35.205694,126.849089,면적중심,
2920011800,35.190429,126.846625,면적중심,
2920011900,35.180938,126.829539,면적중심,
2920012000,35.172345,126.821856,면적중심,
2920012100,35.214467,126.804012,면적중심,
2920012200,35.212601,126.788714,면적중심,
2920012300,35.193859,126.810206,면적중심,
2920012400,35.183146,126.808196,면적중심,
2920012500,35.185992,126.796382,면적중심,
2920012600,35.182267,126.782037,면적중심,
2920012700,35.171859,126.794161,면적중심,
2920012800,35.170575,126.810802,면적중심,
2920012900,35.184565,126.763631,면적중심,
2920013000,35.199551,126.762287,면적중심,
2920013100,35.200634,126.776585,면적중심,
2920013200,35.220758,126.773734,면적중심,
2920013300,35.22316,126.760969,면적중심,
2920013400,35.217156,126.746218,면적중심,
2920013500,35.240626,126.746821,면적중심,
2920013600,35.234794,126.729776,면적중심,
2920013700,35.21466,126.72855,면적중심,
2920013800,35.097479,126.765727,면적중심,
2920013900,35.095464,126.78691,면적중심,
2920014000,35.085816,126.779711,면적중심,
2920014100,35.076611,126.775298,면적중심,
2920014200,35.10527,126.761493,면적중심,
2920014300,35.11163,126.781451,면적중심,
2920014400,35.106211,126.795585,면적중심,
2920014500,35.128913,126.760734,면적중심,
2920014600,35.121264,126.77132,면적중심,
2920014700,35.134674,126.77453,면적중심,
2920014800,35.140537,126.776576,면적중심,
2920014900,35.143194,126.756183,면적중심,
2920015000,35.133939,126.750257,면적중심,
2920015100,35.129666,126.739495,면적중심,
2920015200,35.13636,126.717464,면적중심,
2920015300,35.125344,126.719528,면적중심,
2920015400,35.117591,126.716929,면적중심,
2920015500,35.112923,126.750218,면적중심,
2920015600,35.156367,126.703507,면적중심,
2920015700,35.164442,126.721747,면적중심,
2920015800,35.150695,126.72886,면적중심,
2920015900,35.150073,126.690709,면적중심,
2920016000,35.16012,126.674202,면적중심,
2920016100,35.154555,126.659067,면적중심,
2920016200,35.129229,126.660698,면적중심,
2920016300,35.137521,126.674304,면적중심,
2920016400,35.115353,126.676485,면적중심,
2920016500,35.114335,126.699992,내부점보정,
2920016600,35.128332,126.691666,면적중심,
2920016700,35.177239,126.726236,면적중심,
2920016800,35.180399,126.735316,면적중심,
2920016900,35.186346,126.74618,면적중심,
2920017000,35.201113,126.745774,면적중심,
2920017100,35.193953,126.733243,면적중심,
2920017200,35.200154,126.714316,면적중심,
2920017300,35.179261,126.711737,면적중심,
2920017400,35.180854,126.700106,면적중심,
2920017500,35.182638,126.687332,면적중심,
2920017600,35.183131,126.670042,면적중심,
2920017700,35.197487,126.68878,면적중심,
2920017800,35.206535,126.691207,면적중심,
2920020200,35.202691,126.799852,면적중심,
3011010100,36.327378,127.434176,면적중심,
3011010200,36.322107,127.438382,면적중심,
3011010300,36.316668,127.44064,면적중심,
3011010400,36.314373,127.446268,면적중심,
3011010500,36.307655,127.458425,면적중심,
3011010600,36.322897,127.443882,면적중심,
3011010700,36.313801,127.464123,면적중심,
3011010800,36.321411,127.475736,면적중심,
3011010900,36.332797,127.461264,면적중심,
3011011000,36.329066,127.445104,면적중심,
3011011100,36.338075,127.449993,면적중심,
3011011200,36.330125,127.438435,면적중심,
3011011300,36.334716,127.438374,면적중심,
3011011400,36.346755,127.44934,면적중심,
3011011500,36.354044,127.434545,면적중심,
3011011600,36.343788,127.433621,면적중심,
3011011700,36.347123,127.425762,면적중심,
3011011800,36.339422,127.425112,면적중심,
3011011900,36.332678,127.433138,면적중심,
3011012000,36.331404,127.429725,면적중심,
3011012100,36.374543,127.471067,면적중심,
3011012200,36.344172,127.473649,면적중심,
3011012300,36.358268,127.478596,면적중심,
3011012400,36.372969,127.488104,면적중심,
3011012500,36.388589,127.489821,면적중심,
3011012600,36.397917,127.468358,면적중심,
3011012700,36.413894,127.488616,면적중심,
3011012800,36.323508,127.49048,면적중심,
3011012900,36.352526,127.50432,면적중심,
3011013000,36.363811,127.500031,면적중심,
3011013100,36.375191,127.510601,면적중심,
3011013200,36.385622,127.516255,면적중심,
3011013300,36.399567,127.513493,면적중심,
3011013400,36.415081,127.523332,면적중심,
3011013500,36.403806,127.538011,면적중심,
3011013600,36.284697,127.482358,면적중심,
3011013700,36.28151,127.456685,면적중심,
3011013800,36.284202,127.441936,면적중심,
3011013900,36.295359,127.468262,면적중심,
3011014000,36.252832,127.443338,면적중심,
3011014100,36.262324,127.449856,면적중심,
3011014200,36.267046,127.47207,면적중심,
3011014300,36.246347,127.473772,면적중심,
3011014400,36.227721,127.45841,면적중심,
3011014500,36.212815,127.439091,면적중심,
3014010100,36.329638,127.426873,면적중심,
3014010200,36.331358,127.418792,면적중심,
3014010300,36.333573,127.409133,면적중심,
3014010400,36.341975,127.408993,면적중심,
3014010500,36.322729,127.424932,면적중심,
3014010600,36.317935,127.43576,면적중심,
3014010700,36.305898,127.438466,면적중심,
3014010800,36.298386,127.436795,면적중심,
3014010900,36.297614,127.451919,면적중심,
3014011000,36.310556,127.422033,면적중심,
3014011100,36.311479,127.431526,면적중심,
3014011200,36.329898,127.406863,면적중심,
3014011300,36.3252,127.405214,면적중심,
3014011400,36.324884,127.393316,면적중심,
3014011500,36.317055,127.396395,면적중심,
3014011600,36.30939,127.409165,면적중심,
3014011700,36.306361,127.390102,면적중심,
3014011800,36.294952,127.397148,면적중심,
3014011900,36.281908,127.378036,면적중심,
3014012000,36.281415,127.412949,면적중심,
3014012100,36.277143,127.427221,면적중심,
3014012200,36.275934,127.391584,면적중심,
3014012300,36.262991,127.412858,면적중심,
3014012400,36.248516,127.400184,면적중심,
3014012500,36.223241,127.414461,면적중심,
3014012600,36.240959,127.427306,면적중심,
3017010100,36.302357,127.376659,면적중심,
3017010200,36.327614,127.37635,면적중심,
3017010300,36.319089,127.372476,면적중심,
3017010400,36.304095,127.364761,면적중심,
3017010500,36.337951,127.39616,면적중심,
3017010600,36.345023,127.391623,면적중심,
3017010800,36.338688,127.379982,면적중심,
3017010900,36.331409,127.387199,면적중심,
3017011000,36.334339,127.373315,면적중심,
3017011100,36.347403,127.369496,면적중심,
3017011200,36.355796,127.389015,면적중심,
3017011300,36.350179,127.361767,면적중심,
3017011400,36.298246,127.353769,면적중심,
3017011500,36.319763,127.348436,면적중심,
3017011600,36.29471,127.333229,면적중심,
3017011700,36.26469,127.345086,면적중심,
3017011800,36.242394,127.333665,면적중심,
3017011900,36.240336,127.350253,면적중심,
3017012000,36.213907,127.343503,면적중심,
3017012100,36.238002,127.311955,면적중심,
3017012200,36.220924,127.32028,면적중심,
3017012300,36.235955,127.291047,면적중심,
3017012400,36.25586,127.298898,면적중심,
3017012500,36.251038,127.318362,면적중심,
3017012600,36.269236,127.321947,면적중심,
3017012700,36.281262,127.35543,면적중심,
3017012800,36.367919,127.382808,면적중심,
3020010100,36.298992,127.320124,면적중심,
3020010200,36.307024,127.311065,면적중심,
3020010300,36.316225,127.316478,면적중심,
3020010400,36.325228,127.32499,면적중심,
3020010500,36.334536,127.314442,면적중심,
3020010600,36.33479,127.296308,면적중심,
3020010700,36.310016,127.288361,면적중심,
3020010800,36.30276,127.27131,면적중심,
3020010900,36.287136,127.26059,면적중심,
3020011000,36.278239,127.293453,면적중심,
3020011100,36.35359,127.346072,면적중심,
3020011200,36.355159,127.320099,면적중심,
3020011300,36.346757,127.288615,면적중심,
3020011400,36.337692,127.345178,면적중심,
3020011500,36.342345,127.332789,면적중심,
3020011600,36.342713,127.318131,면적중심,
3020011700,36.361993,127.332641,면적중심,
3020011800,36.367009,127.288375,면적중심,
3020011900,36.368079,127.319024,면적중심,
3020012000,36.382213,127.304288,면적중심,
3020012100,36.377036,127.333089,면적중심,
3020012200,36.367494,127.345334,면적중심,
3020012300,36.37032,127.355801,면적중심,
3020012400,36.371185,127.367737,면적중심,
3020012500,36.384088,127.350239,면적중심,
3020012600,36.380947,127.368827,면적중심,
3020012700,36.38139,127.383359,면적중심,
3020012800,36.396522,127.360687,면적중심,
3020012900,36.409855,127.365022,면적중심,
3020013000,36.40444,127.376517,면적중심,
3020013100,36.425193,127.36732,면적중심,
3020013200,36.390412,127.332279,면적중심,
3020013300,36.420319,127.345756,면적중심,
3020013400,36.400656,127.345933,면적중심,
3020013500,36.408285,127.333585,면적중심,
3020013600,36.41658,127.315703,면적중심,
3020013700,36.40996,127.292902,면적중심,
3020013800,36.402846,127.312648,면적중심,
3020013900,36.39416,127.299171,면적중심,
3020014000,36.391653,127.396622,면적중심,
3020014100,36.402788,127.398802,면적중심,
3020014200,36.382459,127.400704,면적중심,
3020014300,36.415341,127.408801,면적중심,
3020014400,36.419694,127.398231,면적중심,
3020014500,36.445207,127.383874,면적중심,
3020014600,36.423691,127.389554,면적중심,
3020014700,36.431182,127.380873,면적중심,
3020014800,36.463672,127.387099,면적중심,
3020014900,36.48041,127.394401,면적중심,
3020015000,36.489795,127.382276,면적중심,
3020015100,36.476492,127.36989,면적중심,
3020015200,36.459485,127.365484,면적중심,
3020015300,36.44104,127.357525,면적중심,
3023010100,36.353852,127.414013,면적중심,
3023010200,36.368943,127.407425,면적중심,
3023010300,36.379314,127.425299,면적중심,
3023010400,36.390746,127.428832,면적중심,
3023010500,36.393945,127.416867,면적중심,
3023010600,36.407328,127.427081,면적중심,
3023010700,36.364585,127.442745,면적중심,
3023010800,36.374237,127.43622,면적중심,
3023010900,36.361528,127.426812,면적중심,
3023011000,36.362424,127.455019,면적중심,
3023011100,36.45072,127.422496,면적중심,
3023011200,36.446641,127.413798,면적중심,
3023011300,36.447438,127.399836,면적중심,
3023011400,36.436082,127.406926,면적중심,
3023011500,36.440533,127.420835,면적중심,
3023011600,36.424384,127.423293,면적중심,
3023011700,36.431927,127.433499,면적중심,
3023011800,36.403886,127.444741,면적중심,
3023011900,36.435184,127.450386,면적중심,
3023012000,36.413474,127.462556,면적중심,
3023012100,36.427626,127.469459,면적중심,
3023012200,36.440054,127.479133,면적중심,
3023012300,36.447346,127.491475,면적중심,
3023012400,36.443157,127.464667,면적중심,
3023012500,36.462146,127.473782,면적중심,
3023012600,36.447869,127.435798,면적중심,
3111010100,35.554786,129.334789,면적중심,
3111010200,35.555433,129.327889,면적중심,
3111010300,35.564537,129.32841,면적중심,
3111010400,35.559707,129.321206,면적중심,
3111010500,35.552824,129.32495,면적중심,
3111010600,35.552999,129.31752,면적중심,
3111010700,35.562478,129.316216,면적중심,
3111010800,35.562846,129.310226,면적중심,
3111010900,35.580968,129.30986,면적중심,
3111011000,35.567833,129.293744,면적중심,
3111011100,35.554157,129.292842,면적중심,
3111011200,35.572199,129.269534,면적중심,
3111011300,35.576501,129.348632,면적중심,
3111011400,35.579924,129.342391,면적중심,
3111011500,35.56706,129.346489,면적중심,
3111011600,35.590674,129.336676,면적중심,
3111011700,35.579454,129.330453,면적중심,
3111011800,35.557048,129.343566,면적중심,
3114010100,35.544984,129.26356,면적중심,
3114010200,35.53235,129.28159,면적중심,
3114010300,35.508992,129.299542,면적중심,
3114010400,35.535933,129.308398,면적중심,
3114010500,35.53726,129.326845,면적중심,
3114010600,35.542741,129.344701,면적중심,
3114010700,35.525406,129.356342,면적중심,
3114010800,35.524862,129.331177,면적중심,
3114010900,35.513586,129.327191,면적중심,
3114011000,35.501471,129.318606,면적중심,
3114011100,35.497966,129.33482,면적중심,
3114011200,35.500128,129.355176,면적중심,
3114011300,35.483638,129.345024,면적중심,
3114011400,35.46728,129.35942,면적중심,
3114011500,35.480781,129.362604,면적중심,
3114011600,35.476121,129.376714,면적중심,
3114011700,35.48909,129.375813,면적중심,
3114011800,35.504816,129.372444,면적중심,
3114011900,35.512381,129.371575,면적중심,
3117010100,35.493902,129.410761,면적중심,
3117010200,35.502648,129.415521,면적중심,
3117010300,35.498477,129.428201,내부점보정,
3117010400,35.515093,129.430603,면적중심,
3117010500,35.535988,129.443843,면적중심,
3117010600,35.557788,129.448147,면적중심,
3117010700,35.552282,129.427857,면적중심,
3117010800,35.531649,129.419816,면적중심,
3120010100,35.616918,129.368871,면적중심,
3120010200,35.628915,129.364299,면적중심,
3120010300,35.648594,129.3681,면적중심,
3120010400,35.604018,129.307193,면적중심,
3120010500,35.638386,129.346758,면적중심,
3120010600,35.662479,129.351831,면적중심,
3120010700,35.619411,129.334198,면적중심,
3120010800,35.648139,129.325298,면적중심,
3120010900,35.632113,129.309283,면적중심,
3120011000,35.603634,129.334875,면적중심,
3120011100,35.61546,129.411717,면적중심,
3120011200,35.604649,129.452107,면적중심,
3120011300,35.615458,129.442778,면적중심,
3120011400,35.647389,129.438063,면적중심,
3120011500,35.649138,129.399795,면적중심,
3120011600,35.591652,129.452419,면적중심,
3120011700,35.596704,129.418311,면적중심,
3120011800,35.630027,129.427518,면적중심,
3120011900,35.575934,129.422628,면적중심,
3120012000,35.548952,129.364672,면적중심,
3120012100,35.56614,129.3584,면적중심,
3120012200,35.581081,129.379427,면적중심,
3120012300,35.567073,129.37663,면적중심,
3120012400,35.553202,129.389153,면적중심,
3120012500,35.594159,129.37426,면적중심,
3120012600,35.604205,129.368502,면적중심,
3120012700,35.536373,129.399289,면적중심,
3171025000,35.430285,129.331208,면적중심,
3171025300,35.584772,129.159911,면적중심,
3171025600,35.417188,129.255814,면적중심,
3171025900,35.597028,129.246601,면적중심,
3171026200,35.492982,129.269157,면적중심,
3171026500,35.532225,129.09604,면적중심,
3171031000,35.367938,129.313077,면적중심,
3171034000,35.467288,129.19797,면적중심,
3171036000,35.662422,129.21163,면적중심,
3171037000,35.673058,129.144132,면적중심,
3171038000,35.593849,129.057344,면적중심,
3171040000,35.505215,129.153729,면적중심,
3611010100,36.492004,127.311498,면적중심,
3611010200,36.484408,127.30115,면적중심,
3611010300,36.477781,127.289848,면적중심,
3611010400,36.470415,127.27428,면적중심,
3611010500,36.470342,127.24631,면적중심,
3611010600,36.477439,127.254126,면적중심,
3611010700,36.486442,127.263808,면적중심,
3611010800,36.485283,127.248922,면적중심,
3611010900,36.494685,127.244899,면적중심,
3611011000,36.50139,127.263812,면적중심,
3611011100,36.503439,127.247331,면적중심,
3611011200,36.518699,127.235655,면적중심,
3611011300,36.517779,127.249562,면적중심,
3611011400,36.514676,127.260449,면적중심,
3611011500,36.533721,127.256524,면적중심,
3611011600,36.526342,127.270402,면적중심,
3611011700,36.524295,127.332039,면적중심,
3611011800,36.499234,127.329223,면적중심,
3611011900,36.503729,127.290611,면적중심,
3611012000,36.528915,127.291341,면적중심,
3611012100,36.5362,127.27519,면적중심,
3611012200,36.534678,127.321437,면적중심,
3611012300,36.538986,127.309168,면적중심,
3611025000,36.607977,127.286308,면적중심,
3611031000,36.544559,127.249918,면적중심,
3611032000,36.55267,127.329903,면적중심,
3611033000,36.524078,127.378913,면적중심,
3611034000,36.451927,127.298492,면적중심,
3611035000,36.502929,127.207655,면적중심,
3611036000,36.584143,127.245843,면적중심,
3611037000,36.661653,127.188294,면적중심,
3611038000,36.6564,127.250226,면적중심,
3611039000,36.714466,127.168984,면적중심,
4111112900,37.321842,126.997155,면적중심,
4111113000,37.297623,126.992533,면적중심,
4111113100,37.318632,126.978117,면적중심,
4111113200,37.30365,126.969249,면적중심,
4111113300,37.29635,126.977727,면적중심,
4111113400,37.291223,127.013607,면적중심,
4111113500,37.30643,127.002288,내부점보정,
4111113600,37.304051,127.01508,면적중심,
4111113700,37.294227,127.02762,면적중심,
4111113800,37.335189,127.017817,면적중심,
4111113900,37.317782,127.028328,면적중심,
4111312600,37.254845,127.00981,면적중심,
4111312700,37.258612,126.997113,면적중심,
4111312800,37.247851,126.982065,면적중심,
4111312900,37.242488,126.967351,면적중심,
4111313000,37.241459,126.995115,면적중심,
4111313100,37.270156,126.987696,면적중심,
4111313200,37.280866,126.970454,면적중심,
4111313300,37.266311,126.973995,면적중심,
4111313400,37.273694,126.944281,면적중심,
4111313500,37.262473,126.953077,면적중심,
4111313600,37.238316,127.031148,면적중심,
4111313700,37.250011,127.026907,면적중심,
4111313800,37.238279,127.005632,면적중심,
4111313900,37.231205,127.014433,면적중심,
4111314000,37.292293,126.957898,면적중심,
4111314100,37.28862,126.940149,면적중심,
4111512000,37.280556,127.016656,면적중심,
4111512100,37.278396,127.016952,면적중심,
4111512200,37.276196,127.015553,면적중심,
4111512300,37.279948,127.012553,면적중심,
4111512400,37.276309,127.018537,면적중심,
4111512500,37.273787,127.01655,면적중심,
4111512600,37.273642,127.0181,면적중심,
4111512700,37.282241,127.020957,면적중심,
4111512800,37.285565,127.020823,면적중심,
4111512900,37.285585,127.016602,면적중심,
4111513000,37.283531,127.012825,면적중심,
4111513100,37.286492,127.012922,면적중심,
4111513200,37.271938,127.012969,면적중심,
4111513300,37.267948,127.016216,면적중심,
4111513400,37.267442,127.00087,면적중심,
4111513500,37.267114,127.005114,면적중심,
4111513600,37.271083,127.009488,면적중심,
4111513700,37.274317,127.003088,면적중심,
4111513800,37.283082,126.994235,면적중심,
4111513900,37.280427,127.025034,면적중심,
4111514000,37.284821,127.035252,면적중심,
4111514100,37.268737,127.029893,면적중심,
4111710100,37.261721,127.04894,면적중심,
4111710200,37.273244,127.056888,면적중심,
4111710300,37.301287,127.047703,면적중심,
4111710400,37.287253,127.072555,면적중심,
4111710500,37.255052,127.072413,면적중심,
4111710600,37.248059,127.047292,면적중심,
4111710700,37.240291,127.05201,면적중심,
4113110100,37.446885,127.146474,면적중심,
4113110200,37.446479,127.12988,면적중심,
4113110300,37.43697,127.128633,면적중심,
4113110400,37.454936,127.157299,면적중심,
4113110500,37.456607,127.152865,면적중심,
4113110600,37.464152,127.166333,면적중심,
4113110700,37.459227,127.131096,면적중심,
4113110800,37.467931,127.147844,면적중심,
4113110900,37.458369,127.109333,면적중심,
4113111000,37.453031,127.108664,면적중심,
4113111100,37.4464,127.102408,면적중심,
4113111200,37.432336,127.095342,면적중심,
4113111300,37.426248,127.065032,면적중심,
4113111400,37.433359,127.113541,면적중심,
4113111500,37.418968,127.102189,면적중심,
4113111600,37.409302,127.072317,면적중심,
4113111700,37.414491,127.112772,면적중심,
4113310100,37.431362,127.132721,면적중심,
4113310300,37.447514,127.167262,면적중심,
4113310400,37.460219,127.174277,면적중심,
4113310500,37.439868,127.177981,면적중심,
4113310600,37.420654,127.130775,면적중심,
4113310700,37.413858,127.159196,면적중심,
4113310800,37.422427,127.175233,면적중심,
4113310900,37.428151,127.145897,면적중심,
4113313200,37.439946,127.15221,면적중심,
4113510100,37.368891,127.144651,면적중심,
4113510200,37.37274,127.122855,면적중심,
4113510300,37.364405,127.115504,면적중심,
4113510400,37.386444,127.158627,면적중심,
4113510500,37.382264,127.134437,면적중심,
4113510600,37.395981,127.131434,면적중심,
4113510700,37.406288,127.144603,면적중심,
4113510800,37.393025,127.093567,면적중심,
4113510900,37.401991,127.108734,면적중심,
4113511000,37.384988,127.108811,내부점보정,
4113511100,37.357838,127.097748,면적중심,
4113511200,37.371076,127.093147,면적중심,
4113511300,37.354169,127.085777,면적중심,
4113511400,37.343756,127.119409,면적중심,
4113511500,37.393049,127.059714,면적중심,
4113511600,37.369427,127.064777,면적중심,
4113511700,37.378375,127.042259,면적중심,
4113511800,37.382174,127.074454,면적중심,
4115010100,37.737471,127.042223,면적중심,
4115010200,37.712311,127.034376,면적중심,
4115010300,37.707307,127.063251,면적중심,
4115010400,37.73768,127.065987,면적중심,
4115010500,37.73081,127.080874,면적중심,
4115010600,37.746644,127.112342,면적중심,
4115010700,37.756797,127.114098,면적중심,
4115010800,37.76762,127.100377,면적중심,
4115010900,37.757086,127.066568,면적중심,
4115011000,37.744147,127.020592,면적중심,
4115011100,37.761518,127.03066,면적중심,
4115011200,37.730382,127.103697,면적중심,
4115011300,37.717486,127.104522,면적중심,
4117110100,37.388877,126.91633,면적중심,
4117110200,37.426149,126.918482,면적중심,
4117110300,37.396645,126.889756,면적중심,
4117310100,37.4132,126.946635,면적중심,
4117310200,37.405276,126.965195,면적중심,
4117310300,37.388741,126.967999,면적중심,
4117310400,37.378033,126.954472,면적중심,
4119210100,37.494705,126.792401,면적중심, · 기준코드
4119210200,37.489198,126.780935,면적중심, · 기준코드
4119210300,37.502466,126.802357,면적중심, · 기준코드
4119210400,37.513394,126.785315,면적중심, · 기준코드
4119210500,37.5134,126.768969,면적중심, · 기준코드
4119210600,37.485996,126.795164,면적중심, · 기준코드
4119210700,37.490236,126.807487,면적중심, · 기준코드
4119210800,37.500644,126.769233,면적중심, · 기준코드
4119210900,37.500657,126.751885,면적중심, · 기준코드
4119410100,37.473459,126.795335,면적중심, · 기준코드
4119410200,37.478374,126.779811,면적중심, · 기준코드
4119410300,37.469159,126.813569,면적중심, · 기준코드
4119410400,37.481077,126.812153,면적중심, · 기준코드
4119410500,37.481756,126.762773,면적중심, · 기준코드
4119410600,37.468048,126.823373,면적중심, · 기준코드
4119410700,37.464482,126.807027,면적중심, · 기준코드
4119610100,37.530468,126.783781,면적중심, · 기준코드
4119610200,37.512624,126.798911,면적중심, · 기준코드
4119610300,37.513151,126.816148,면적중심, · 기준코드
4119610400,37.526994,126.804112,면적중심, · 기준코드
4119610500,37.532098,126.815135,면적중심, · 기준코드
4119610600,37.542093,126.775556,면적중심, · 기준코드
4119610700,37.524109,126.767151,면적중심, · 기준코드
4119610800,37.521127,126.779879,면적중심, · 기준코드
4121010100,37.471695,126.852635,면적중심,
4121010200,37.479421,126.868922,면적중심,
4121010300,37.459054,126.869881,면적중심,
4121010400,37.439752,126.881866,면적중심,
4121010500,37.440696,126.850927,면적중심,
4121010600,37.41996,126.882602,면적중심,
4121010700,37.414872,126.86061,면적중심,
4121010800,37.466408,126.836729,면적중심,
4122010100,37.066931,127.056428,면적중심,
4122010200,37.045672,127.063496,면적중심,
4122010300,37.033399,127.076041,면적중심,
4122010400,37.030812,127.090745,면적중심,
4122010500,37.026195,127.106725,면적중심,
4122010600,37.05376,127.108799,면적중심,
4122010700,37.044601,127.083121,면적중심,
4122010800,37.058436,127.085917,면적중심,
4122010900,37.058275,127.068171,면적중심,
4122011000,37.075858,127.079419,면적중심,
4122011100,37.08741,127.069371,면적중심,
4122011200,37.084708,127.051527,면적중심,
4122011300,36.989813,127.084592,면적중심,
4122011400,36.992892,127.076573,면적중심,
4122011500,36.982371,127.088494,면적중심,
4122011600,36.975857,127.112439,면적중심,
4122011700,36.985792,127.102936,면적중심,
4122011800,36.999832,127.104416,면적중심,
4122011900,37.015687,127.09565,면적중심,
4122012000,37.010119,127.08106,면적중심,
4122012100,37.017888,127.066088,면적중심,
4122012200,36.999551,127.06294,면적중심,
4122012300,36.984966,127.128753,면적중심,
4122012400,36.999856,127.136816,면적중심,
4122012500,37.022959,127.14078,면적중심,
4122012600,37.026146,127.12586,면적중심,
4122012700,37.009779,127.124191,면적중심,
4122012800,37.043922,127.039311,면적중심,
4122025000,36.961346,127.036888,면적중심,
4122025300,36.991023,126.936606,면적중심,
4122025600,36.973775,126.858567,면적중심,
4122025900,37.0449,126.934061,면적중심,
4122031000,37.108066,127.08808,면적중심,
4122032000,37.102141,127.02145,면적중심,
4122033000,37.03492,127.00685,내부점보정,
4122034000,37.003334,126.991424,면적중심,
4122037000,36.944699,126.932135,면적중심,
4125010100,37.878542,127.06753,면적중심,
4125010200,37.889882,127.06457,면적중심,
4125010300,37.903857,127.063579,면적중심,
4125010400,37.905657,127.100205,면적중심,
4125010500,37.925748,127.095809,면적중심,
4125010600,37.923852,127.066419,면적중심,
4125010700,37.93379,127.059309,면적중심,
4125010800,37.930728,127.032277,면적중심,
4125010900,37.94806,127.061431,면적중심,
4125011000,37.964514,127.069962,면적중심,
4125011100,37.887208,127.119823,면적중심,
4125011200,37.909126,127.031497,면적중심,
4127110100,37.312099,126.870066,면적중심,
4127110200,37.310814,126.853423,면적중심,
4127110300,37.292533,126.840042,면적중심,
4127110400,37.287598,126.863582,면적중심,
4127110500,37.290983,126.886438,면적중심,
4127110600,37.351884,126.846749,면적중심,
4127110700,37.334537,126.868085,면적중심,
4127110800,37.321933,126.848896,면적중심,
4127110900,37.335295,126.846739,면적중심,
4127111000,37.307677,126.888624,면적중심,
4127111100,37.308509,126.905215,면적중심,
4127111200,37.29507,126.922297,면적중심,
4127111300,37.365851,126.884274,면적중심,
4127111400,37.352663,126.877694,면적중심,
4127111500,37.354789,126.861814,면적중심,
4127310100,37.318763,126.83146,면적중심,
4127310200,37.33978,126.826847,면적중심,
4127310300,37.331241,126.769198,면적중심,
4127310400,37.314641,126.749501,면적중심,
4127310500,37.309632,126.788579,면적중심,
4127310600,37.309469,126.774056,면적중심,
4127310700,37.310783,126.808354,면적중심,
4127310800,37.327535,126.796233,면적중심,
4127310900,37.343569,126.806019,면적중심,
4127311000,37.25007,126.60219,면적중심,
4127311100,37.260358,126.570296,면적중심,
4127311200,37.220642,126.571511,면적중심,
4127311300,37.218833,126.639272,면적중심,
4127311400,37.10585,126.38781,내부점보정,
4127311500,37.356128,126.828284,면적중심,
4128110100,37.661126,126.827207,면적중심,
4128110200,37.6717,126.856893,면적중심,
4128110300,37.671741,126.879859,면적중심,
4128110400,37.647627,126.87103,면적중심,
4128110500,37.625162,126.862394,면적중심,
4128110600,37.650556,126.847988,면적중심,
4128110700,37.646612,126.971174,면적중심,
4128110800,37.670647,126.97218,면적중심,
4128110900,37.666643,126.937712,면적중심,
4128111000,37.666022,126.910759,면적중심,
4128111100,37.650963,126.887712,면적중심,
4128111200,37.641487,126.897121,면적중심,
4128111300,37.624881,126.889714,면적중심,
4128111400,37.726698,126.911608,면적중심,
4128111500,37.69319,126.912198,면적중심,
4128111600,37.707149,126.898741,면적중심,
4128111700,37.697938,126.885933,면적중심,
4128111800,37.701626,126.862296,면적중심,
4128111900,37.723068,126.854078,면적중심,
4128112000,37.623207,126.812345,면적중심,
4128112100,37.638524,126.803387,면적중심,
4128112200,37.635474,126.813019,면적중심,
4128112300,37.637361,126.834664,면적중심,
4128112400,37.60449,126.842718,면적중심,
4128112500,37.605393,126.826849,면적중심,
4128112600,37.605405,126.814489,면적중심,
4128112700,37.621973,126.783392,면적중심,
4128112800,37.619574,126.84063,면적중심,
4128112900,37.606747,126.872246,면적중심,
4128113000,37.591433,126.850493,면적중심,
4128113100,37.583929,126.865516,면적중심,
4128113200,37.59994,126.893211,면적중심,
4128510100,37.678918,126.816118,면적중심,
4128510200,37.686079,126.784762,면적중심,
4128510300,37.670457,126.778017,면적중심,
4128510400,37.647432,126.759385,면적중심,
4128510500,37.659122,126.783435,면적중심,
4128510600,37.641656,126.789312,면적중심,
4128510700,37.667552,126.798196,면적중심,
4128510800,37.651128,126.80806,면적중심,
4128510900,37.697065,126.841604,면적중심,
4128511000,37.716603,126.830227,면적중심,
4128511100,37.720813,126.806502,면적중심,
4128511200,37.700039,126.823998,면적중심,
4128511300,37.702561,126.795649,면적중심,
4128710100,37.683303,126.770017,면적중심,
4128710200,37.671271,126.76189,면적중심,
4128710300,37.697748,126.768776,면적중심,
4128710400,37.672453,126.741072,면적중심,
4128710500,37.695845,126.743676,면적중심,
4128710600,37.691139,126.720465,면적중심,
4128710700,37.683836,126.690603,면적중심,
4128710800,37.665442,126.714081,면적중심,
4129010100,37.44201,126.986506,면적중심,
4129010200,37.41785,127.002445,면적중심,
4129010300,37.415441,126.979395,면적중심,
4129010400,37.427529,127.025556,면적중심,
4129010500,37.45176,126.996752,면적중심,
4129010600,37.449513,127.025002,면적중심,
4129010700,37.433971,126.976946,면적중심,
4129010800,37.42168,126.991639,면적중심,
4129010900,37.427816,126.99566,면적중심,
4129011000,37.435321,126.998905,면적중심,
4131010100,37.631641,127.118123,면적중심,
4131010200,37.635173,127.138906,면적중심,
4131010300,37.613656,127.132543,면적중심,
4131010400,37.59086,127.124979,면적중심,
4131010500,37.594591,127.148915,면적중심,
4131010600,37.570137,127.11451,면적중심,
4131010700,37.579465,127.148417,면적중심,
4136010100,37.663845,127.249537,면적중심,
4136010200,37.64644,127.235204,면적중심,
4136010300,37.632033,127.212158,면적중심,
4136010400,37.621392,127.184297,면적중심,
4136010500,37.609505,127.195323,면적중심,
4136010600,37.59642,127.198305,면적중심,
4136010800,37.590679,127.174148,면적중심,
4136010900,37.602423,127.165489,면적중심,
4136011000,37.600583,127.153484,면적중심,
4136011100,37.666285,127.114494,면적중심,
4136011200,37.613823,127.159896,면적중심,
4136025000,37.594023,127.247108,면적중심,
4136025300,37.725539,127.193686,면적중심,
4136025600,37.652823,127.315943,면적중심,
4136025900,37.657929,127.185148,면적중심,
4136026200,37.693813,127.23146,면적중심,
4136026500,37.653495,127.143209,면적중심,
4136031000,37.709873,127.126246,면적중심,
4136034000,37.726332,127.304096,면적중심,
4136036000,37.566798,127.299056,면적중심,
4137010100,37.149589,127.0716,면적중심,
4137010200,37.153433,127.089329,면적중심,
4137010300,37.141249,127.082668,면적중심,
4137010400,37.160891,127.054742,면적중심,
4137010500,37.152719,127.056619,면적중심,
4137010600,37.162166,127.036004,면적중심,
4137010700,37.173656,127.046506,면적중심,
4137010800,37.167954,127.062576,면적중심,
4137010900,37.161316,127.073128,면적중심,
4137011000,37.179293,127.062236,면적중심,
4137011100,37.19172,127.056055,면적중심,
4137011200,37.189754,127.020264,면적중심,
4137011300,37.187595,127.039873,면적중심,
4137011400,37.176486,127.026271,면적중심,
4137011500,37.173836,127.008057,면적중심,
4137011600,37.150438,127.039061,면적중심,
4137011700,37.140754,127.037877,면적중심,
4137011800,37.131657,127.044032,면적중심,
4137011900,37.135523,127.04861,면적중심,
4137012000,37.139414,127.054925,면적중심,
4137012100,37.146356,127.055354,면적중심,
4137012200,37.133361,127.084566,면적중심,
4137012300,37.129652,127.08438,면적중심,
4137012400,37.130759,127.07083,면적중심,
4139010100,37.454998,126.789007,면적중심,
4139010200,37.43868,126.780088,면적중심,
4139010300,37.416555,126.766055,면적중심,
4139010400,37.403528,126.776883,면적중심,
4139010500,37.418152,126.789403,면적중심,
4139010600,37.435149,126.800335,면적중심,
4139010700,37.429995,126.815129,면적중심,
4139010800,37.415882,126.811492,면적중심,
4139010900,37.407014,126.819628,면적중심,
4139011000,37.398632,126.835465,면적중심,
4139011200,37.4421,126.831758,면적중심,
4139011300,37.451723,126.812184,면적중심,
4139011700,37.361616,126.817497,면적중심,
4139011800,37.368724,126.810957,면적중심,
4139011900,37.39792,126.800417,면적중심,
4139012000,37.394422,126.814506,면적중심,
4139012100,37.380888,126.816285,면적중심,
4139012200,37.38445,126.835715,면적중심,
4139012300,37.372022,126.836712,면적중심,
4139012400,37.373965,126.862209,면적중심,
4139012500,37.395331,126.856551,면적중심,
4139012600,37.39115,126.86998,면적중심,
4139012700,37.354909,126.77566,면적중심,
4139012800,37.360772,126.794346,면적중심,
4139012900,37.379857,126.797632,면적중심,
4139013000,37.382531,126.783534,면적중심,
4139013100,37.383879,126.758275,면적중심,
4139013200,37.34079,126.722042,면적중심,
4139013300,37.349632,126.762102,면적중심,
4139013400,37.415772,126.840332,면적중심,
4139013500,37.370151,126.723792,면적중심,
4141010100,37.34847,126.941185,면적중심,
4141010200,37.351926,126.953953,면적중심,
4141010300,37.329728,126.935452,면적중심,
4141010400,37.361123,126.922854,면적중심,
4141010500,37.360712,126.939919,면적중심,
4141010600,37.326888,126.892024,면적중심,
4141010700,37.343602,126.900264,면적중심,
4141010800,37.329327,126.918423,면적중심,
4141010900,37.312622,126.922779,면적중심,
4143010100,37.345423,126.969434,면적중심,
4143010200,37.335165,126.959382,면적중심,
4143010300,37.321985,126.95652,면적중심,
4143010400,37.342116,126.992619,면적중심,
4143010500,37.359168,126.983788,면적중심,
4143010600,37.376059,127.01355,면적중심,
4143010700,37.377418,126.983916,면적중심,
4143010800,37.401286,127.020554,면적중심,
4143010900,37.396149,126.990305,면적중심,
4143011000,37.309275,126.956496,면적중심,
4143011100,37.311318,126.939205,면적중심,
4145010100,37.528137,127.214407,면적중심,
4145010200,37.510694,127.228967,면적중심,
4145010300,37.535652,127.233972,면적중심,
4145010400,37.5222,127.26177,면적중심,
4145010500,37.490502,127.232825,면적중심,
4145010600,37.543657,127.215429,면적중심,
4145010700,37.557192,127.226759,면적중심,
4145010800,37.545645,127.202226,면적중심,
4145010900,37.567532,127.191343,면적중심,
4145011000,37.550389,127.190051,면적중심,
4145011100,37.568675,127.209418,면적중심,
4145011200,37.582974,127.187043,면적중심,
4145011300,37.522202,127.15704,면적중심,
4145011400,37.510741,127.152736,면적중심,
4145011500,37.498538,127.166332,면적중심,
4145011600,37.47873,127.161901,면적중심,
4145011700,37.522033,127.206305,면적중심,
4145011800,37.522872,127.188943,면적중심,
4145011900,37.509908,127.205452,면적중심,
4145012000,37.493059,127.19585,면적중심,
4145012100,37.50131,127.184865,면적중심,
4145012200,37.536997,127.182788,면적중심,
4145012300,37.536096,127.166852,면적중심,
4145012400,37.518608,127.174826,면적중심,
4146110100,37.235311,127.202633,면적중심,
4146110200,37.241168,127.186387,면적중심,
4146110300,37.240183,127.165574,면적중심,
4146110400,37.221154,127.199827,면적중심,
4146110500,37.25847,127.198986,면적중심,
4146110600,37.248064,127.227394,면적중심,
4146110700,37.230325,127.233507,면적중심,
4146110800,37.209926,127.247515,면적중심,
4146110900,37.191554,127.250471,면적중심,
4146111000,37.188411,127.274609,면적중심,
4146125000,37.290496,127.217563,면적중심,
4146125300,37.326441,127.218166,면적중심,
4146125600,37.164693,127.211161,면적중심,
4146125900,37.132648,127.15665,면적중심,
4146134000,37.163233,127.313334,면적중심,
4146135000,37.14376,127.379804,면적중심,
4146136000,37.24193,127.288647,면적중심,
4146310100,37.283081,127.101391,면적중심,
4146310200,37.27748,127.12298,면적중심,
4146310300,37.265509,127.110879,면적중심,
4146310400,37.25062,127.091348,면적중심,
4146310500,37.255478,127.11636,면적중심,
4146310600,37.238888,127.139573,면적중심,
4146310700,37.238277,127.113494,면적중심,
4146310800,37.224522,127.114696,면적중심,
4146310900,37.227282,127.082295,면적중심,
4146311000,37.240027,127.074961,면적중심,
4146311100,37.273122,127.082502,면적중심,
4146311200,37.293924,127.129844,면적중심,
4146311300,37.306688,127.127504,면적중심,
4146311400,37.296621,127.150889,면적중심,
4146311500,37.285599,127.163197,면적중심,
4146311600,37.26877,127.158369,면적중심,
4146311700,37.26161,127.143473,면적중심,
4146311800,37.309355,127.10713,면적중심,
4146510100,37.323825,127.092214,면적중심,
4146510200,37.329528,127.123432,면적중심,
4146510300,37.341273,127.076562,면적중심,
4146510400,37.35628,127.04429,면적중심,
4146510500,37.332352,127.057635,면적중심,
4146510600,37.319318,127.060558,면적중심,
4146510700,37.303831,127.076465,면적중심,
4148010100,37.758776,126.770351,면적중심,
4148010200,37.765304,126.785972,면적중심,
4148010400,37.775658,126.761326,면적중심,
4148010500,37.784992,126.746339,면적중심,
4148010600,37.779013,126.730563,면적중심,
4148010700,37.75043,126.752803,면적중심,
4148010800,37.71266,126.761594,면적중심,
4148010900,37.736638,126.726665,면적중심,
4148011000,37.748707,126.725392,면적중심,
4148011100,37.728672,126.779585,면적중심,
4148011200,37.700106,126.696198,면적중심,
4148011300,37.712205,126.723286,면적중심,
4148011400,37.741535,126.750127,면적중심,
4148011500,37.716271,126.689931,면적중심,
4148011600,37.750814,126.693592,면적중심,
4148011700,37.726202,126.737987,면적중심,
4148011800,37.758799,126.746133,면적중심,
4148011900,37.713411,126.698019,면적중심,
4148012000,37.734975,126.691074,면적중심,
4148012100,37.74512,126.709657,면적중심,
4148012200,37.729156,126.759677,면적중심,
4148012300,37.751657,126.786522,면적중심,
4148025000,37.874168,126.780405,면적중심,
4148025300,37.828606,126.814911,면적중심,
4148025600,37.867117,126.892969,면적중심,
4148026200,37.750815,126.823005,면적중심,
4148031000,37.796853,126.789478,면적중심,
4148032000,37.805077,126.710207,면적중심,
4148035000,37.77668,126.883007,면적중심,
4148036000,37.914311,126.851316,면적중심,
4148037000,37.958279,126.931013,면적중심,
4148038000,37.932563,126.728168,면적중심,
4148039000,37.873262,126.706664,면적중심,
4148040000,37.942563,126.798632,면적중심,
4148041000,37.955399,126.711633,면적중심,
4150010100,37.283481,127.44524,면적중심,
4150010200,37.279969,127.425651,면적중심,
4150010300,37.275127,127.440906,면적중심,
4150010400,37.262033,127.430287,면적중심,
4150010500,37.258854,127.443052,면적중심,
4150010600,37.268359,127.454434,면적중심,
4150010700,37.276555,127.460653,면적중심,
4150010800,37.286975,127.46701,면적중심,
4150010900,37.293247,127.454795,면적중심,
4150011000,37.296486,127.439516,면적중심,
4150011100,37.294911,127.417894,면적중심,
4150011200,37.224615,127.45092,면적중심,
4150011300,37.209172,127.46112,면적중심,
4150011400,37.240676,127.462555,면적중심,
4150011500,37.253438,127.456081,면적중심,
4150025000,37.134708,127.596422,면적중심,
4150025300,37.273131,127.50701,면적중심,
4150031000,37.313656,127.410415,면적중심,
4150032000,37.325548,127.482556,면적중심,
4150033000,37.2152,127.411971,면적중심,
4150034000,37.249658,127.370818,면적중심,
4150035000,37.212942,127.49771,면적중심,
4150036000,37.170722,127.456748,면적중심,
4150037000,37.139548,127.523122,면적중심,
4150038000,37.075655,127.546929,면적중심,
4155010100,37.007129,127.279037,면적중심,
4155010200,37.010372,127.274717,면적중심,
4155010300,37.006352,127.273666,면적중심,
4155010400,37.010019,127.276457,내부점보정,
4155010500,37.011278,127.27308,면적중심,
4155010600,37.007038,127.271876,면적중심,
4155010700,37.014543,127.276649,면적중심,
4155010800,37.003212,127.275379,면적중심,
4155010900,37.004622,127.274674,면적중심,
4155011000,37.004431,127.271793,면적중심,
4155011100,37.002635,127.272047,면적중심,
4155011200,37.002788,127.26947,면적중심,
4155011300,37.004689,127.268576,면적중심,
4155011400,37.012765,127.268776,면적중심,
4155011500,37.010208,127.270828,면적중심,
4155011600,37.008354,127.270088,면적중심,
4155011700,37.006669,127.269518,면적중심,
4155011800,37.010562,127.260704,면적중심,
4155011900,37.004967,127.260417,면적중심,
4155012000,37.030873,127.269846,면적중심,
4155012100,36.988785,127.266873,면적중심,
4155012200,37.006648,127.248599,면적중심,
4155012300,37.03997,127.263878,면적중심,
4155012400,36.99722,127.261075,면적중심,
4155012500,37.020405,127.269494,면적중심,
4155012600,37.015977,127.287551,면적중심,
4155012700,37.005861,127.286799,면적중심,
4155012800,37.015826,127.246734,면적중심,
4155012900,37.020072,127.255177,면적중심,
4155013000,37.021083,127.247103,면적중심,
4155013100,36.997372,127.283564,면적중심,
4155013200,36.989994,127.281166,면적중심,
4155013300,36.977078,127.28157,면적중심,
4155025000,36.994711,127.17361,면적중심,
4155031000,37.056057,127.313787,면적중심,
4155032000,36.981638,127.344276,면적중심,
4155033000,36.936703,127.267241,면적중심,
4155034000,36.969455,127.223427,면적중심,
4155035000,37.034467,127.238481,면적중심,
4155036000,37.081877,127.219976,면적중심,
4155038000,37.055957,127.14712,면적중심,
4155039000,37.098331,127.468752,면적중심,
4155040000,37.048674,127.421832,면적중심,
4155041000,37.067876,127.366586,면적중심,
4155042000,37.092328,127.271506,면적중심,
4157010100,37.626087,126.711221,면적중심,
4157010200,37.640729,126.715381,면적중심,
4157010300,37.656054,126.685391,면적중심,
4157010400,37.643887,126.670156,면적중심,
4157010500,37.626206,126.692421,면적중심,
4157010600,37.619076,126.726101,면적중심,
4157010700,37.606154,126.722328,면적중심,
4157010800,37.639148,126.641498,면적중심,
4157010900,37.645192,126.627423,면적중심,
4157025000,37.695998,126.599612,면적중심,
4157025300,37.606509,126.762859,면적중심,
4157025600,37.645289,126.610016,내부점보정,
4157034000,37.646708,126.571699,면적중심,
4157035000,37.736399,126.554305,면적중심,
4157036000,37.736663,126.641314,면적중심,
4159011600,37.215314,127.033803,면적중심,
4159011700,37.206311,127.039335,면적중심,
4159011800,37.206745,127.054341,면적중심,
4159011900,37.222107,127.046198,면적중심,
4159012000,37.226803,127.060645,면적중심,
4159012100,37.230433,127.034684,면적중심,
4159012200,37.220887,127.01461,면적중심,
4159012300,37.223041,126.996987,면적중심,
4159012400,37.224467,126.982726,면적중심,
4159012500,37.211944,127.010996,면적중심,
4159012600,37.201869,127.000225,면적중심,
4159012700,37.197524,127.071431,면적중심,
4159012800,37.213146,127.077833,면적중심,
4159012900,37.190891,127.094613,면적중심,
4159013000,37.195674,127.111893,면적중심,
4159013100,37.210633,127.10621,면적중심,
4159013200,37.208185,127.139263,면적중심,
4159013300,37.182943,127.142693,면적중심,
4159013400,37.187165,127.122831,면적중심,
4159013500,37.171088,127.117967,면적중심,
4159013600,37.154997,127.111798,면적중심,
4159013700,37.170687,127.100065,면적중심,
4159013800,37.172729,127.088117,면적중심,
4159013900,37.175715,127.077013,면적중심,
4159025300,37.203907,126.939227,면적중심,
4159025600,37.080368,126.786172,면적중심,
4159025900,37.114554,126.927044,면적중심,
4159026200,37.208193,126.821817,면적중심,
4159031000,37.263638,126.906699,면적중심,
4159032000,37.231862,126.871734,면적중심,
4159033000,37.192029,126.76278,면적중심,
4159034000,37.230198,126.719085,면적중심,
4159035000,37.164034,126.695132,면적중심,
4159036000,37.15368,126.882077,면적중심,
4159037000,37.073811,126.841004,면적중심,
4159040000,37.088302,126.959926,면적중심,
4159041000,37.16181,126.986131,면적중심,
4161010100,37.410187,127.25274,면적중심,
4161010200,37.402515,127.271013,면적중심,
4161010300,37.425084,127.262593,면적중심,
4161010400,37.440015,127.243502,면적중심,
4161010500,37.417478,127.236449,면적중심,
4161010600,37.43402,127.215735,면적중심,
4161010700,37.416151,127.199632,면적중심,
4161010800,37.40542,127.21785,면적중심,
4161010900,37.399786,127.185374,면적중심,
4161011000,37.389251,127.220585,면적중심,
4161011100,37.397685,127.237936,면적중심,
4161011200,37.401476,127.252665,면적중심,
4161011300,37.382124,127.197089,면적중심,
4161011400,37.373462,127.221884,면적중심,
4161011500,37.364382,127.161455,면적중심,
4161011600,37.350558,127.167673,면적중심,
4161011700,37.350068,127.203028,면적중심,
4161011800,37.362687,127.222381,면적중심,
4161011900,37.356081,127.263297,면적중심,
4161012000,37.378988,127.258795,면적중심,
4161025300,37.396863,127.311149,면적중심,
4161025900,37.363944,127.382484,면적중심,
4161033000,37.308093,127.315485,면적중심,
4161034000,37.454131,127.340062,면적중심,
4161035000,37.50286,127.320696,면적중심,
4161037000,37.459516,127.234139,면적중심,
4163010100,37.788596,127.026968,면적중심,
4163010200,37.773877,127.011193,면적중심,
4163010300,37.774164,127.0378,면적중심,
4163010400,37.775866,127.055365,면적중심,
4163010500,37.802232,127.04021,면적중심,
4163010600,37.785854,127.070248,면적중심,
4163010700,37.785462,127.090379,면적중심,
4163010800,37.802421,127.104888,면적중심,
4163010900,37.804868,127.075438,면적중심,
4163011000,37.845157,127.064721,면적중심,
4163011100,37.860693,127.078781,면적중심,
4163011200,37.848635,127.097616,면적중심,
4163011300,37.827997,127.110847,면적중심,
4163011400,37.823521,127.08923,면적중심,
4163011500,37.824854,127.070838,면적중심,
4163011600,37.820089,127.044983,면적중심,
4163011700,37.836407,127.052742,면적중심,
4163025000,37.788909,126.977636,면적중심,
4163031000,37.869243,127.02397,면적중심,
4163032000,37.896038,126.979793,면적중심,
4163033000,37.830042,126.952997,면적중심,
4163034000,37.717342,126.963481,면적중심,
4165010100,37.900186,127.184745,면적중심,
4165010200,37.886554,127.178385,면적중심,
4165010300,37.876896,127.166538,면적중심,
4165010400,37.862457,127.157792,면적중심,
4165010500,37.859288,127.142054,면적중심,
4165010600,37.849954,127.126772,면적중심,
4165025000,37.794295,127.149059,면적중심,
4165031000,37.877338,127.229568,면적중심,
4165032000,37.79762,127.235374,면적중심,
4165033000,37.833896,127.201068,면적중심,
4165034000,37.944899,127.171236,면적중심,
4165035000,38.022916,127.17698,면적중심,
4165036000,38.00267,127.251959,면적중심,
4165037000,37.964286,127.324303,면적중심,
4165038000,38.051803,127.385498,면적중심,
4165039000,38.073833,127.285114,면적중심,
4165040000,38.129138,127.225187,면적중심,
4165041000,37.898055,127.28529,면적중심,
4167010100,37.291611,127.646504,면적중심,
4167010200,37.287686,127.638296,면적중심,
4167010300,37.293086,127.632318,면적중심,
4167010400,37.254129,127.677904,면적중심,
4167010500,37.269074,127.676359,면적중심,
4167010600,37.274879,127.67235,면적중심,
4167010700,37.303166,127.624434,면적중심,
4167010800,37.277731,127.632631,면적중심,
4167010900,37.28454,127.610926,면적중심,
4167011000,37.270917,127.620639,면적중심,
4167011100,37.257896,127.609359,면적중심,
4167011200,37.24499,127.625773,면적중심,
4167011300,37.227696,127.635159,면적중심,
4167011400,37.235797,127.656836,면적중심,
4167011500,37.256927,127.642877,면적중심,
4167011600,37.265695,127.65594,면적중심,
4167011700,37.248547,127.665439,면적중심,
4167011800,37.288484,127.668504,면적중심,
4167011900,37.279705,127.656114,면적중심,
4167012000,37.303749,127.662148,면적중심,
4167012100,37.31336,127.651268,면적중심,
4167012200,37.315586,127.634244,면적중심,
4167012300,37.334309,127.650114,면적중심,
4167025000,37.209185,127.580178,면적중심,
4167031000,37.19114,127.683939,면적중심,
4167032000,37.345378,127.53341,면적중심,
4167033000,37.396512,127.497662,면적중심,
4167034500,37.294109,127.577844,면적중심,
4167035000,37.377593,127.602493,면적중심,
4167036000,37.356278,127.689156,면적중심,
4167037000,37.288474,127.726458,면적중심,
4167038000,37.409262,127.442052,면적중심,
4180025000,38.100273,127.11469,면적중심,
4180025300,37.994408,127.037173,면적중심,
4180031000,38.074899,127.037905,면적중심,
4180032000,38.010789,127.102084,면적중심,
4180033000,38.028811,126.904658,면적중심,
4180034000,38.036323,126.976961,면적중심,
4180035000,38.096531,126.943191,면적중심,
4180036000,38.19194,127.112397,면적중심,
4180037000,38.166223,127.007183,면적중심,
4180038000,37.994031,126.851294,면적중심,
4182025000,37.82882,127.487531,면적중심,
4182031000,37.653324,127.499146,면적중심,
4182032500,37.72976,127.42933,면적중심,
4182033000,37.790759,127.337784,면적중심,
4182034500,37.867113,127.371756,면적중심,
4182035000,37.944522,127.494132,면적중심,
4183025000,37.493553,127.514066,면적중심,
4183031000,37.461069,127.467692,면적중심,
4183032000,37.46809,127.411762,면적중심,
4183033000,37.541277,127.380261,면적중심,
4183034000,37.551782,127.486513,면적중심,
4183035000,37.609322,127.406343,면적중심,
4183036000,37.582824,127.635824,면적중심,
4183037000,37.548211,127.752206,면적중심,
4183038000,37.442816,127.742221,면적중심,
4183039500,37.448682,127.651432,면적중심,
4183040000,37.519742,127.588286,면적중심,
4183041000,37.439892,127.549499,면적중심,
4311110100,36.64103,127.485585,면적중심,
4311110200,36.635185,127.48905,면적중심,
4311110300,36.639627,127.489114,면적중심,
4311110400,36.643414,127.488315,면적중심,
4311110500,36.630132,127.489453,면적중심,
4311110600,36.632579,127.489041,면적중심,
4311110700,36.634217,127.492172,면적중심,
4311110800,36.629985,127.492969,면적중심,
4311110900,36.633982,127.485358,면적중심,
4311111000,36.630355,127.485363,면적중심,
4311111100,36.626812,127.491376,면적중심,
4311111200,36.642964,127.496696,면적중심,
4311111700,36.629463,127.498376,면적중심,
4311111800,36.634692,127.497238,면적중심,
4311111900,36.619156,127.500153,면적중심,
4311112000,36.626421,127.505876,면적중심,
4311112100,36.639098,127.507221,면적중심,
4311112200,36.651545,127.522966,면적중심,
4311112300,36.658231,127.542091,면적중심,
4311112400,36.616493,127.519501,면적중심,
4311112500,36.635064,127.5256,면적중심,
4311112600,36.602268,127.504053,면적중심,
4311112700,36.594748,127.499224,면적중심,
4311112800,36.594587,127.509751,면적중심,
4311112900,36.604645,127.529007,면적중심,
4311113000,36.626444,127.545239,면적중심,
4311131000,36.629994,127.597154,면적중심,
4311132000,36.653185,127.676918,면적중심,
4311133000,36.562027,127.562056,면적중심,
4311134000,36.575035,127.520591,면적중심,
4311135000,36.490967,127.510733,면적중심,
4311210100,36.636696,127.476274,면적중심,
4311210200,36.634343,127.462675,면적중심,
4311210300,36.625044,127.481347,면적중심,
4311210400,36.611693,127.46851,면적중심,
4311210500,36.603382,127.469474,면적중심,
4311210600,36.606898,127.488533,면적중심,
4311210700,36.617808,127.480698,면적중심,
4311210800,36.60966,127.452591,면적중심,
4311210900,36.624018,127.456972,면적중심,
4311211000,36.606571,127.441872,면적중심,
4311211100,36.595315,127.47957,면적중심,
4311211200,36.589338,127.487613,면적중심,
4311231000,36.566525,127.428561,면적중심,
4311232000,36.48906,127.434145,면적중심,
4311310400,36.648659,127.47479,면적중심,
4311310500,36.654873,127.468167,면적중심,
4311311300,36.620282,127.434238,면적중심,
4311311400,36.635256,127.438634,면적중심,
4311311500,36.648436,127.458251,면적중심,
4311311600,36.64512,127.443734,면적중심,
4311311700,36.617685,127.420862,면적중심,
4311311800,36.604335,127.426403,면적중심,
4311311900,36.617329,127.408376,면적중심,
4311312000,36.60545,127.402275,면적중심,
4311312100,36.594244,127.392181,면적중심,
4311312200,36.597395,127.376871,면적중심,
4311312300,36.613894,127.389803,면적중심,
4311312400,36.642273,127.407716,면적중심,
4311312500,36.650695,127.398815,면적중심,
4311312600,36.65493,127.415023,면적중심,
4311312700,36.662822,127.410876,면적중심,
4311312800,36.674313,127.407952,면적중심,
4311312900,36.663806,127.417551,면적중심,
4311313000,36.667562,127.424137,면적중심,
4311313100,36.673794,127.430025,면적중심,
4311313200,36.676413,127.440711,면적중심,
4311313300,36.671578,127.450643,면적중심,
4311313400,36.663726,127.453653,면적중심,
4311313500,36.657865,127.4422,면적중심,
4311313600,36.656913,127.431945,면적중심,
4311313700,36.649356,127.427904,면적중심,
4311313800,36.631969,127.417774,면적중심,
4311313900,36.622459,127.380575,면적중심,
4311314000,36.647265,127.386724,면적중심,
4311314100,36.656304,127.386143,면적중심,
4311325000,36.629325,127.319587,면적중심,
4311331000,36.599246,127.360353,면적중심,
4311332000,36.687339,127.35695,면적중심,
4311410100,36.650402,127.489488,면적중심,
4311410200,36.658486,127.489615,면적중심,
4311410300,36.664274,127.507665,면적중심,
4311410400,36.670801,127.474054,면적중심,
4311410500,36.676006,127.502659,면적중심,
4311410600,36.683208,127.489496,면적중심,
4311410700,36.681007,127.462139,면적중심,
4311410800,36.676188,127.460485,면적중심,
4311410900,36.688877,127.457575,면적중심,
4311411000,36.692307,127.473379,면적중심,
4311411100,36.698947,127.481959,면적중심,
4311411200,36.707415,127.485912,면적중심,
4311411300,36.714784,127.482613,면적중심,
4311425000,36.702907,127.54732,면적중심,
4311425300,36.733696,127.421843,면적중심,
4311431000,36.746238,127.547638,면적중심,
4313010100,36.97107,127.935745,면적중심,
4313010200,36.968315,127.935754,면적중심,
4313010300,36.971085,127.93198,면적중심,
4313010400,36.973947,127.932166,면적중심,
4313010500,36.973988,127.938448,면적중심,
4313010600,36.960948,127.945457,면적중심,
4313010700,36.952014,127.931181,면적중심,
4313010800,36.943303,127.963897,면적중심,
4313010900,36.945461,127.908904,면적중심,
4313011000,36.928999,127.910571,면적중심,
4313011100,36.933085,127.885904,면적중심,
4313011200,36.95156,127.883551,면적중심,
4313011300,36.967178,127.884658,면적중심,
4313011400,36.961222,127.902793,면적중심,
4313011500,36.975835,127.904555,면적중심,
4313011600,36.98457,127.908596,면적중심,
4313011800,36.990509,127.944616,면적중심,
4313011900,37.009275,127.926247,면적중심,
4313012000,37.008303,127.957819,면적중심,
4313012100,36.989458,127.989634,면적중심,
4313012200,36.974231,127.964062,면적중심,
4313012300,36.962605,127.99832,면적중심,
4313012400,36.974494,127.92971,면적중심,
4313012500,36.962965,127.932074,면적중심,
4313012700,36.969236,127.923176,면적중심,
4313012800,36.994252,127.918586,면적중심,
4313025000,36.986204,127.783145,면적중심,
4313031000,36.912731,127.995729,면적중심,
4313032500,36.844222,128.026332,면적중심,
4313033500,36.949515,127.852309,면적중심,
4313035000,36.998828,127.710351,면적중심,
4313036000,37.052125,127.750478,면적중심,
4313037000,37.122232,127.75482,면적중심,
4313038500,37.037223,127.851166,면적중심,
4313039000,37.031501,127.895454,면적중심,
4313040000,37.015149,128.020679,면적중심,
4313041000,37.08374,128.004801,면적중심,
4313042000,37.118316,127.925354,면적중심,
4313043000,37.122352,127.853784,면적중심,
4315010100,37.141872,128.208146,면적중심,
4315010200,37.13625,128.202658,면적중심,
4315010300,37.131775,128.220318,면적중심,
4315010400,37.135378,128.214077,면적중심,
4315010500,37.140025,128.219157,면적중심,
4315010600,37.136936,128.211064,면적중심,
4315010700,37.141242,128.212606,면적중심,
4315010800,37.135154,128.206745,면적중심,
4315010900,37.12919,128.213052,면적중심,
4315011000,37.126936,128.203361,면적중심,
4315011100,37.140146,128.19472,면적중심,
4315011200,37.16577,128.190079,면적중심,
4315011300,37.150373,128.209266,면적중심,
4315011400,37.18154,128.203508,내부점보정,
4315011500,37.165286,128.232551,면적중심,
4315011600,37.148508,128.228695,면적중심,
4315011700,37.142935,128.248642,면적중심,
4315011800,37.131387,128.266583,면적중심,
4315011900,37.114123,128.24758,면적중심,
4315012000,37.132994,128.228298,면적중심,
4315012100,37.117744,128.210418,면적중심,
4315012200,37.110108,128.196534,면적중심,
4315012300,37.098889,128.193654,면적중심,
4315012400,37.147637,128.160134,면적중심,
4315012500,37.126982,128.183509,면적중심,
4315012600,37.126299,128.166837,면적중심,
4315012700,37.114169,128.294198,면적중심,
4315012800,37.092207,128.25062,면적중심,
4315025000,37.148435,128.115257,면적중심,
4315031000,37.063408,128.184386,면적중심,
4315032000,37.009325,128.144594,면적중심,
4315033000,36.94878,128.208543,면적중심,
4315034000,36.875517,128.164742,면적중심,
4315035000,36.903001,128.087338,면적중심,
4315036000,37.180558,127.995786,면적중심,
4315038000,37.202213,128.244364,면적중심,
4372025000,36.499157,127.723149,면적중심,
4372031500,36.524638,127.833962,면적중심,
4372032500,36.477355,127.800083,면적중심,
4372033000,36.417145,127.83794,면적중심,
4372034000,36.437091,127.778453,면적중심,
4372035000,36.417363,127.734981,면적중심,
4372036000,36.459558,127.668512,면적중심,
4372037000,36.433549,127.574028,면적중심,
4372038500,36.500291,127.602568,면적중심,
4372039000,36.553932,127.658176,면적중심,
4372040000,36.571518,127.747192,면적중심,
4373025000,36.301502,127.583751,면적중심,
4373031000,36.295197,127.645965,면적중심,
4373032000,36.354786,127.681149,면적중심,
4373033000,36.399521,127.649423,면적중심,
4373034000,36.32471,127.733193,면적중심,
4373035000,36.345307,127.815545,면적중심,
4373036000,36.228059,127.632136,면적중심,
4373037000,36.272312,127.525727,면적중심,
4373038000,36.356713,127.559996,면적중심,
4374025000,36.177501,127.810649,면적중심,
4374031000,36.262921,127.804817,면적중심,
4374032000,36.236012,127.8968,면적중심,
4374033500,36.228907,127.997683,면적중심,
4374034000,36.166527,127.953054,면적중심,
4374035000,36.099959,127.895139,면적중심,
4374036000,36.122909,127.76116,면적중심,
4374037000,36.047321,127.77672,면적중심,
4374038000,36.087216,127.686817,면적중심,
4374039000,36.147061,127.642685,면적중심,
4374040000,36.21541,127.7095,면적중심,
4374525000,36.766861,127.603939,면적중심,
4374531000,36.827627,127.606044,면적중심,
4375025000,36.847833,127.414091,면적중심,
4375025300,36.898002,127.507449,면적중심,
4375032000,36.829159,127.531717,면적중심,
4375033000,36.79993,127.451015,면적중심,
4375034000,36.89975,127.351153,면적중심,
4375035000,36.919117,127.433083,면적중심,
4375037000,36.976645,127.423674,면적중심,
4376025000,36.827129,127.805146,면적중심,
4376031000,36.838853,127.882822,면적중심,
4376032000,36.835239,127.934496,면적중심,
4376033000,36.766859,128.00307,면적중심,
4376034000,36.753294,127.882629,면적중심,
4376035000,36.771833,127.773664,면적중심,
4376036000,36.673549,127.815502,면적중심,
4376037000,36.74918,127.682196,면적중심,
4376039000,36.815581,127.681465,면적중심,
4376040000,36.849283,127.72699,면적중심,
4376041000,36.893173,127.823668,면적중심,
4377025000,36.941689,127.65441,면적중심,
4377025300,36.988246,127.573578,면적중심,
4377031000,36.912611,127.751963,면적중심,
4377032000,36.881429,127.647758,면적중심,
4377033000,36.918823,127.558162,면적중심,
4377034000,36.961109,127.491502,면적중심,
4377035000,37.01919,127.493782,면적중심,
4377036000,37.035859,127.612233,면적중심,
4377037000,37.096773,127.66266,면적중심,
4380025000,36.960926,128.391185,면적중심,
4380025300,37.046187,128.301724,면적중심,
4380031000,36.868314,128.379858,면적중심,
4380032000,37.01462,128.431447,면적중심,
4380033000,37.068304,128.500095,면적중심,
4380034000,37.097268,128.346713,면적중심,
4380035000,36.995048,128.275839,면적중심,
4380036000,36.89773,128.290105,면적중심,
4413110100,36.808444,127.147656,면적중심,
4413110200,36.814196,127.152219,면적중심,
4413110300,36.809868,127.152417,면적중심,
4413110400,36.80106,127.148327,면적중심,
4413110500,36.800316,127.151797,면적중심,
4413110600,36.805409,127.15023,면적중심,
4413110700,36.80703,127.160879,면적중심,
4413110800,36.79686,127.172145,면적중심,
4413110900,36.791247,127.15313,면적중심,
4413111000,36.780843,127.173683,면적중심,
4413111100,36.780205,127.153621,면적중심,
4413111200,36.815423,127.18647,면적중심,
4413111300,36.809932,127.134147,면적중심,
4413111400,36.797901,127.142503,면적중심,
4413111500,36.788697,127.139696,면적중심,
4413111600,36.77779,127.127171,면적중심,
4413111700,36.802501,127.132632,면적중심,
4413111800,36.824469,127.162799,면적중심,
4413111900,36.838031,127.188931,면적중심,
4413112000,36.763903,127.148736,면적중심,
4413125000,36.788448,127.212562,면적중심,
4413131000,36.737688,127.122332,면적중심,
4413132000,36.676636,127.09267,면적중심,
4413133000,36.835069,127.271817,면적중심,
4413134000,36.732156,127.236569,면적중심,
4413135000,36.725206,127.285809,면적중심,
4413136000,36.795383,127.312945,면적중심,
4413137000,36.781066,127.367161,면적중심,
4413310100,36.808258,127.14479,면적중심,
4413310200,36.820993,127.140493,면적중심,
4413310300,36.827671,127.116405,면적중심,
4413310400,36.833456,127.143301,면적중심,
4413310500,36.844022,127.126519,면적중심,
4413310600,36.84769,127.111244,면적중심,
4413310700,36.800701,127.122394,면적중심,
4413310800,36.809148,127.106392,면적중심,
4413310900,36.857534,127.134092,면적중심,
4413311000,36.856029,127.158809,면적중심,
4413311100,36.845352,127.153113,면적중심,
4413325000,36.932113,127.128331,면적중심,
4413325300,36.873846,127.195159,면적중심,
4413325600,36.885333,127.137881,면적중심,
4413331000,36.910499,127.225729,면적중심,
4415010100,36.454034,127.119548,면적중심,
4415010200,36.448144,127.119184,면적중심,
4415010300,36.447268,127.124662,면적중심,
4415010400,36.453844,127.125847,면적중심,
4415010500,36.458538,127.125979,면적중심,
4415010600,36.458966,127.118718,면적중심,
4415010700,36.457518,127.10814,면적중심,
4415010800,36.464827,127.122121,면적중심,
4415010900,36.452069,127.135057,면적중심,
4415011000,36.432252,127.124044,면적중심,
4415011100,36.438026,127.094507,면적중심,
4415011200,36.42513,127.106171,면적중심,
4415011300,36.40969,127.092529,면적중심,
4415011400,36.405116,127.113949,면적중심,
4415011500,36.428562,127.148234,면적중심,
4415011600,36.446579,127.151137,면적중심,
4415011700,36.432879,127.176228,면적중심,
4415011800,36.460755,127.172539,면적중심,
4415011900,36.466237,127.156494,면적중심,
4415012000,36.470168,127.136471,면적중심,
4415012100,36.483304,127.146077,면적중심,
4415012200,36.481551,127.120705,면적중심,
4415012300,36.490398,127.111773,면적중심,
4415012400,36.435088,127.072586,면적중심,
4415012500,36.454948,127.191317,면적중심,
4415012600,36.487856,127.167253,면적중심,
4415012700,36.478632,127.181612,면적중심,
4415025000,36.59651,126.968386,면적중심,
4415031000,36.374716,127.069642,면적중심,
4415032000,36.326203,127.02943,면적중심,
4415033000,36.368359,127.15784,면적중심,
4415034000,36.384003,127.238723,면적중심,
4415036000,36.544231,127.159387,면적중심,
4415037000,36.599345,127.098148,면적중심,
4415038000,36.47471,127.058208,면적중심,
4415039000,36.538858,127.03369,면적중심,
4415040000,36.506061,126.945873,면적중심,
4418010100,36.355026,126.580373,면적중심,
4418010200,36.368246,126.610073,면적중심,
4418010300,36.363633,126.627294,면적중심,
4418010400,36.34971,126.617949,면적중심,
4418010500,36.33416,126.616316,면적중심,
4418010600,36.340496,126.594181,면적중심,
4418010700,36.339781,126.577729,면적중심,
4418010800,36.335814,126.559439,면적중심,
4418010900,36.325836,126.552695,면적중심,
4418011000,36.318005,126.525831,면적중심,
4418025000,36.240313,126.587145,면적중심,
4418031000,36.410459,126.579831,면적중심,
4418032000,36.385723,126.445374,면적중심,
4418033000,36.483564,126.530193,면적중심,
4418034000,36.452107,126.604221,면적중심,
4418035000,36.4034,126.659657,면적중심,
4418036000,36.296527,126.578727,면적중심,
4418038000,36.202916,126.62055,면적중심,
4418039000,36.24306,126.682578,면적중심,
4418040000,36.329436,126.660757,면적중심,
4418041000,36.381079,126.555486,면적중심,
4420010100,36.784776,127.001905,면적중심,
4420010200,36.792661,126.985908,면적중심,
4420010300,36.77619,126.983329,면적중심,
4420010400,36.75158,126.965974,면적중심,
4420010500,36.743035,126.97882,면적중심,
4420010600,36.755733,126.986088,면적중심,
4420010700,36.759632,127.005308,면적중심,
4420010800,36.749179,127.01324,면적중심,
4420010900,36.755958,127.028198,면적중심,
4420011000,36.763291,127.022092,면적중심,
4420011100,36.771933,127.021995,면적중심,
4420011200,36.770143,126.998846,면적중심,
4420011300,36.783321,127.022363,면적중심,
4420011400,36.792777,127.014577,면적중심,
4420011500,36.793491,126.970799,면적중심,
4420011600,36.781591,126.969022,면적중심,
4420011700,36.768238,126.969902,면적중심,
4420011800,36.784574,127.033708,면적중심,
4420011900,36.769565,127.035266,면적중심,
4420025000,36.82176,126.982234,면적중심,
4420025300,36.754092,127.068366,면적중심,
4420031000,36.703499,126.994184,면적중심,
4420033000,36.809154,127.068462,면적중심,
4420035000,36.858059,127.047804,면적중심,
4420036000,36.910915,127.039081,면적중심,
4420037000,36.885131,126.962601,면적중심,
4420038000,36.859881,126.885072,면적중심,
4420039000,36.793146,126.86915,면적중심,
4420040000,36.7408,126.904061,면적중심,
4420041000,36.790767,126.933831,면적중심,
4421010100,36.783133,126.445191,면적중심,
4421010200,36.78589,126.459833,면적중심,
4421010300,36.796203,126.431253,면적중심,
4421010400,36.798707,126.469642,면적중심,
4421010500,36.786599,126.480196,면적중심,
4421010600,36.767354,126.489727,면적중심,
4421010700,36.772062,126.469301,면적중심,
4421010800,36.761736,126.459719,면적중심,
4421010900,36.766753,126.440546,면적중심,
4421011000,36.748579,126.443359,면적중심,
4421011100,36.731149,126.45379,면적중심,
4421011200,36.749374,126.477303,면적중심,
4421011300,36.734258,126.479892,면적중심,
4421011400,36.735591,126.497812,면적중심,
4421025000,36.965508,126.420725,면적중심,
4421031000,36.748628,126.417521,면적중심,
4421032000,36.680412,126.396034,면적중심,
4421033000,36.817956,126.367179,면적중심,
4421034000,36.875963,126.429934,면적중심,
4421036000,36.834058,126.460502,면적중심,
4421037000,36.796305,126.516206,면적중심,
4421038000,36.778091,126.592865,면적중심,
4421039000,36.713853,126.539908,면적중심,
4421040000,36.6664,126.511717,면적중심,
4423010100,36.207752,127.085476,내부점보정,
4423010200,36.205495,127.087997,면적중심,
4423010300,36.209652,127.085784,면적중심,
4423010400,36.19728,127.074802,면적중심,
4423010500,36.198259,127.095038,면적중심,
4423010600,36.184833,127.069027,면적중심,
4423010700,36.202831,127.110275,면적중심,
4423010800,36.212429,127.101801,면적중심,
4423010900,36.183007,127.101902,면적중심,
4423011000,36.187082,127.08647,면적중심,
4423011100,36.190062,127.113783,면적중심,
4423025000,36.152663,127.018329,면적중심,
4423025300,36.110011,127.103109,면적중심,
4423031000,36.199541,127.027707,면적중심,
4423032000,36.241888,127.08335,면적중심,
4423033000,36.288157,127.106284,면적중심,
4423034000,36.292042,127.16423,면적중심,
4423035000,36.206095,127.144363,면적중심,
4423036000,36.229584,127.199014,면적중심,
4423038000,36.188606,127.286991,면적중심,
4423039000,36.138561,127.233874,면적중심,
4423040000,36.140484,127.168806,면적중심,
4423041000,36.163805,127.111576,면적중심,
4423042000,36.160906,127.05451,면적중심,
4425010100,36.272634,127.251562,면적중심,
4425031000,36.253067,127.26004,면적중심,
4425031500,36.276785,127.221342,면적중심,
4425033000,36.32103,127.229418,면적중심,
4427010100,36.894679,126.633537,면적중심,
4427010200,36.892117,126.618666,면적중심,
4427010300,36.913181,126.626518,면적중심,
4427010400,36.91114,126.650166,면적중심,
4427010500,36.897206,126.671793,면적중심,
4427010600,36.891558,126.652718,면적중심,
4427010700,36.875632,126.645292,면적중심,
4427010800,36.879131,126.611563,면적중심,
4427010900,36.862523,126.631128,면적중심,
4427011000,36.847214,126.619734,면적중심,
4427011100,36.825049,126.611541,면적중심,
4427025000,36.793085,126.774384,면적중심,
4427025300,36.92608,126.738934,면적중심,
4427031000,36.942712,126.57722,면적중심,
4427032000,37.006862,126.542692,면적중심,
4427033000,36.914217,126.514652,면적중심,
4427034000,36.859249,126.565492,면적중심,
4427035000,36.814889,126.660274,면적중심,
4427036000,36.844922,126.708237,면적중심,
4427037000,36.829602,126.807967,면적중심,
4427038000,36.884836,126.786464,면적중심,
4427039000,36.955105,126.675773,면적중심,
4471025000,36.095936,127.472037,면적중심,
4471031000,36.136279,127.465916,면적중심,
4471032000,36.129096,127.5654,면적중심,
4471033000,36.059319,127.57888,면적중심,
4471034000,36.18158,127.542444,면적중심,
4471035000,36.028963,127.508035,면적중심,
4471036000,36.049571,127.429829,면적중심,
4471037000,36.14079,127.375161,면적중심,
4471038000,36.200833,127.397166,면적중심,
4471039000,36.204574,127.491635,면적중심,
4476025000,36.286245,126.947797,면적중심,
4476031000,36.28528,126.875771,면적중심,
4476032000,36.328147,126.817212,면적중심,
4476033000,36.321964,126.721214,면적중심,
4476034000,36.279864,126.762678,면적중심,
4476035000,36.253039,126.816951,면적중심,
4476036000,36.229888,126.761333,면적중심,
4476037000,36.1992,126.729795,면적중심,
4476038000,36.212868,126.806836,면적중심,
4476039000,36.173354,126.826173,면적중심,
4476040000,36.117746,126.855432,면적중심,
4476041000,36.173245,126.890518,면적중심,
4476042000,36.225879,126.901241,면적중심,
4476043000,36.18082,126.957589,면적중심,
4476044000,36.236737,126.995147,면적중심,
4476045000,36.27049,127.024022,면적중심,
4477025000,36.020033,126.687303,면적중심,
4477025300,36.085446,126.70154,면적중심,
4477031000,36.048976,126.691715,면적중심,
4477032000,36.051366,126.786388,면적중심,
4477033000,36.078903,126.759713,면적중심,
4477034000,36.087308,126.826156,면적중심,
4477035000,36.136716,126.790291,면적중심,
4477036000,36.11767,126.753397,면적중심,
4477037000,36.151195,126.738415,면적중심,
4477038000,36.154419,126.680163,면적중심,
4477039000,36.110697,126.660692,면적중심,
4477040000,36.141808,126.613058,면적중심,
4477041000,36.163165,126.551119,면적중심,
4479025000,36.448815,126.790186,면적중심,
4479031000,36.527484,126.853982,면적중심,
4479032000,36.447183,126.859692,면적중심,
4479033000,36.423612,126.93714,면적중심,
4479034000,36.413468,126.994098,면적중심,
4479035000,36.349092,126.948359,면적중심,
4479036000,36.365442,126.884156,면적중심,
4479037000,36.391419,126.771597,면적중심,
4479038000,36.442974,126.71558,면적중심,
4479039000,36.498731,126.781803,면적중심,
4480025000,36.593036,126.662744,면적중심,
4480025300,36.508658,126.638571,면적중심,
4480025600,36.641404,126.685417,면적중심,
4480032000,36.608102,126.730513,면적중심,
4480033000,36.556711,126.704683,면적중심,
4480034000,36.50244,126.708496,면적중심,
4480035000,36.53063,126.587938,면적중심,
4480036000,36.550156,126.54801,면적중심,
4480037000,36.574359,126.493144,면적중심,
4480038000,36.618529,126.547895,면적중심,
4480039000,36.573056,126.618844,면적중심,
4481025000,36.70374,126.855041,면적중심,
4481025300,36.691331,126.714805,면적중심,
4481031000,36.666678,126.917936,면적중심,
4481032000,36.60256,126.879728,면적중심,
4481033000,36.563822,126.793612,면적중심,
4481034000,36.633045,126.82126,면적중심,
4481035000,36.6459,126.77467,면적중심,
4481036000,36.677883,126.62688,면적중심,
4481037000,36.744403,126.667601,면적중심,
4481038000,36.755912,126.72379,면적중심,
4481039000,36.744667,126.805969,면적중심,
4481040000,36.692666,126.790969,면적중심,
4482525000,36.753523,126.312583,면적중심,
4482525300,36.521106,126.357773,면적중심,
4482531000,36.434566,126.396679,면적중심,
4482532000,36.652454,126.309316,면적중심,
4482533000,36.714876,126.227667,내부점보정,
4482534000,36.777541,126.179682,면적중심,
4482535000,36.837614,126.234255,면적중심,
4482536000,36.887155,126.283609,면적중심,
5211110100,35.816693,127.142278,면적중심,45→52
5211110200,35.817163,127.143699,면적중심,45→52
5211110300,35.817633,127.145164,면적중심,45→52
5211110400,35.815234,127.144913,면적중심,45→52
5211110500,35.81779,127.147362,면적중심,45→52
5211110600,35.81806,127.14946,면적중심,45→52
5211110700,35.82074,127.149005,면적중심,45→52
5211110800,35.81854,127.150997,면적중심,45→52
5211110900,35.818829,127.152553,면적중심,45→52
5211111000,35.816025,127.152512,면적중심,45→52
5211111100,35.813571,127.148348,면적중심,45→52
5211111200,35.813158,127.144905,면적중심,45→52
5211111300,35.814827,127.141954,면적중심,45→52
5211111400,35.814115,127.140513,면적중심,45→52
5211111500,35.81707,127.140099,면적중심,45→52
5211111600,35.81987,127.138488,면적중심,45→52
5211111700,35.820238,127.14303,면적중심,45→52
5211111800,35.812912,127.161841,면적중심,45→52
5211111900,35.823971,127.13834,면적중심,45→52
5211112000,35.824454,127.156771,면적중심,45→52
5211112100,35.819076,127.159356,면적중심,45→52
5211112200,35.808584,127.143998,면적중심,45→52
5211112300,35.809963,127.138198,면적중심,45→52
5211112400,35.809856,127.134449,면적중심,45→52
5211112500,35.802506,127.158287,면적중심,45→52
5211112600,35.793324,127.152575,면적중심,45→52
5211112700,35.814783,127.134379,면적중심,45→52
5211112800,35.817704,127.122247,면적중심,45→52
5211112900,35.832338,127.115863,면적중심,45→52
5211113000,35.766035,127.132101,면적중심,45→52
5211113100,35.761749,127.111766,면적중심,45→52
5211113200,35.795452,127.139496,면적중심,45→52
5211113300,35.78525,127.134839,면적중심,45→52
5211113400,35.778726,127.125278,면적중심,45→52
5211113500,35.755602,127.089397,면적중심,45→52
5211113600,35.77002,127.071624,면적중심,45→52
5211113700,35.7969,127.120441,면적중심,45→52
5211113800,35.785906,127.100047,면적중심,45→52
5211113900,35.796264,127.080702,면적중심,45→52
5211114000,35.805968,127.12287,면적중심,45→52
5211114100,35.805784,127.099229,면적중심,45→52
5211114200,35.824707,127.09653,면적중심,45→52
5211114300,35.792732,127.1735,면적중심,45→52
5211114400,35.794941,127.196231,면적중심,45→52
5211114500,35.817311,127.075334,면적중심,45→52
5211114700,35.825991,127.146229,면적중심,45→52
5211310200,35.827981,127.134043,면적중심,45→52
5211310300,35.832649,127.159784,면적중심,45→52
5211310400,35.84229,127.147553,면적중심,45→52
5211310500,35.848604,127.13172,면적중심,45→52
5211310600,35.845503,127.113559,면적중심,45→52
5211310700,35.840951,127.136375,면적중심,45→52
5211310800,35.857071,127.106113,면적중심,45→52
5211310900,35.854432,127.095564,면적중심,45→52
5211311000,35.846262,127.093199,면적중심,45→52
5211311100,35.843332,127.17334,면적중심,45→52
5211311200,35.84137,127.192964,면적중심,45→52
5211311300,35.816784,127.198495,면적중심,45→52
5211311400,35.832743,127.170431,면적중심,45→52
5211311500,35.849435,127.160403,면적중심,45→52
5211311600,35.862875,127.15489,면적중심,45→52
5211311700,35.87655,127.146287,면적중심,45→52
5211311800,35.891844,127.138001,면적중심,45→52
5211311900,35.890747,127.12335,면적중심,45→52
5211312000,35.886643,127.103918,면적중심,45→52
5211312100,35.859902,127.126146,면적중심,45→52
5211312200,35.871639,127.122119,면적중심,45→52
5211312300,35.878668,127.067945,면적중심,45→52
5211312400,35.892524,127.065483,내부점보정,45→52
5211312500,35.879823,127.052549,면적중심,45→52
5211312600,35.877473,127.038289,면적중심,45→52
5211312700,35.861909,127.036399,면적중심,45→52
5211312900,35.881194,127.086681,면적중심,45→52
5211313000,35.860268,127.073843,면적중심,45→52
5211313100,35.839825,127.077942,면적중심,45→52
5211313200,35.854952,127.058398,면적중심,45→52
5211313300,35.865882,127.100742,면적중심,45→52
5211313400,35.882022,127.014377,면적중심,45→52
5211313500,35.890313,127.009987,면적중심,45→52
5211313600,35.891642,127.02654,면적중심,45→52
5211313700,35.871115,127.018221,면적중심,45→52
5211313800,35.830738,127.061842,면적중심,45→52
5211313900,35.867932,127.085103,면적중심,45→52
5213010100,35.989437,126.683657,면적중심,45→52
5213010200,35.987152,126.703911,면적중심,45→52
5213010300,35.990872,126.706847,면적중심,45→52
5213010400,35.984454,126.705063,면적중심,45→52
5213010500,35.986726,126.710013,면적중심,45→52
5213010600,35.978787,126.708448,면적중심,45→52
5213010700,35.981786,126.706856,면적중심,45→52
5213010800,35.980073,126.703507,면적중심,45→52
5213010900,35.980058,126.699437,면적중심,45→52
5213011000,35.973948,126.70409,면적중심,45→52
5213011100,35.976747,126.712236,면적중심,45→52
5213011200,35.98089,126.71231,면적중심,45→52
5213011300,35.981642,126.71511,면적중심,45→52
5213011400,35.983533,126.712642,면적중심,45→52
5213011500,35.983752,126.710075,면적중심,45→52
5213011600,35.981739,126.710399,면적중심,45→52
5213011700,35.984589,126.71373,면적중심,45→52
5213011800,35.986945,126.712,면적중심,45→52
5213011900,35.989124,126.71116,면적중심,45→52
5213012000,35.989319,126.714208,면적중심,45→52
5213012100,35.983044,126.716731,면적중심,45→52
5213012200,35.985521,126.71573,면적중심,45→52
5213012300,35.98535,126.7195,면적중심,45→52
5213012400,35.986019,126.716984,면적중심,45→52
5213012500,35.983832,126.718463,면적중심,45→52
5213012600,35.980919,126.718564,면적중심,45→52
5213012700,35.979363,126.72185,면적중심,45→52
5213012800,35.978195,126.719068,면적중심,45→52
5213012900,35.979265,126.715898,면적중심,45→52
5213013000,35.983888,126.724573,면적중심,45→52
5213013100,35.985913,126.725472,내부점보정,45→52
5213013200,35.974849,126.720318,면적중심,45→52
5213013300,35.973312,126.712737,면적중심,45→52
5213013400,35.972764,126.741076,면적중심,45→52
5213013500,35.971009,126.730482,면적중심,45→52
5213013600,35.980421,126.731248,면적중심,45→52
5213013700,35.98227,126.751959,면적중심,45→52
5213013800,35.99725,126.758844,면적중심,45→52
5213013900,35.967432,126.761037,면적중심,45→52
5213014000,35.961391,126.749261,면적중심,45→52
5213014100,35.964126,126.717292,면적중심,45→52
5213014200,35.963756,126.728403,면적중심,45→52
5213014300,35.951954,126.708646,면적중심,45→52
5213014400,35.962459,126.697073,면적중심,45→52
5213014500,35.948203,126.687599,면적중심,45→52
5213014600,35.970883,126.59428,내부점보정,45→52
5213014700,35.958239,126.558857,면적중심,45→52
5213014800,35.949558,126.531537,면적중심,45→52
5213014900,35.942243,126.671708,면적중심,45→52
5213015000,35.936245,126.652909,면적중심,45→52
5213015100,35.960975,126.65363,면적중심,45→52
5213015200,35.953525,126.60814,면적중심,45→52
5213025000,35.905706,126.691003,면적중심,45→52
5213031000,35.940925,126.740246,면적중심,45→52
5213032000,35.902157,126.760154,면적중심,45→52
5213033000,35.972271,126.859648,면적중심,45→52
5213034000,36.000467,126.879207,면적중심,45→52
5213035000,35.936456,126.831046,면적중심,45→52
5213036000,35.960584,126.786086,면적중심,45→52
5213037000,36.000495,126.790608,면적중심,45→52
5213038000,36.028511,126.833278,면적중심,45→52
5213039000,35.874736,126.508999,내부점보정,45→52
5213040000,35.911876,126.631746,면적중심,45→52
5214010100,35.941499,126.951122,면적중심,45→52
5214010200,35.940456,126.945572,면적중심,45→52
5214010300,35.939745,126.948007,면적중심,45→52
5214010400,35.937982,126.947648,면적중심,45→52
5214010500,35.938041,126.950189,면적중심,45→52
5214010600,35.930697,126.942994,면적중심,45→52
5214010700,35.936761,126.952912,면적중심,45→52
5214010800,35.934941,126.956893,면적중심,45→52
5214010900,35.93089,126.949247,면적중심,45→52
5214011000,35.923173,126.950386,면적중심,45→52
5214011100,35.926431,126.964312,면적중심,45→52
5214011200,35.940175,126.964377,면적중심,45→52
5214011300,35.949421,126.956666,면적중심,45→52
5214011400,35.949028,126.942452,면적중심,45→52
5214011500,35.958015,126.941506,면적중심,45→52
5214011600,35.939548,126.933642,면적중심,45→52
5214011700,35.923746,126.929334,면적중심,45→52
5214011800,35.972288,126.92344,면적중심,45→52
5214011900,35.973292,126.933794,면적중심,45→52
5214012000,35.978159,126.948646,면적중심,45→52
5214012100,35.964243,126.959755,면적중심,45→52
5214012200,35.957821,126.972289,면적중심,45→52
5214012300,35.957718,126.983314,면적중심,45→52
5214012400,35.938652,126.987632,면적중심,45→52
5214012500,35.923893,126.980708,면적중심,45→52
5214012600,35.907783,126.971703,면적중심,45→52
5214012700,35.961358,127.012646,면적중심,45→52
5214012800,35.972706,127.03872,면적중심,45→52
5214012900,35.976599,127.020709,면적중심,45→52
5214013000,35.985989,127.01511,면적중심,45→52
5214013100,35.984776,126.995113,면적중심,45→52
5214013200,35.982534,126.972117,면적중심,45→52
5214013300,35.992609,126.97598,면적중심,45→52
5214013400,35.968463,126.992848,면적중심,45→52
5214013500,35.946704,127.0008,면적중심,45→52
5214013600,35.939043,127.00954,면적중심,45→52
5214025000,36.061411,126.964388,면적중심,45→52
5214031000,35.937451,126.899706,면적중심,45→52
5214032000,36.017103,126.938227,면적중심,45→52
5214033000,36.040075,126.905106,면적중심,45→52
5214034000,36.093196,126.891556,면적중심,45→52
5214035000,36.095853,126.929689,면적중심,45→52
5214036000,36.122168,126.955392,면적중심,45→52
5214037000,36.060421,127.020903,면적중심,45→52
5214038000,36.118339,127.026205,면적중심,45→52
5214039000,36.051283,127.091205,면적중심,45→52
5214040000,36.0072,127.041723,면적중심,45→52
5214041000,35.973274,127.083953,면적중심,45→52
5214042000,35.926743,127.023457,면적중심,45→52
5214043000,36.020399,126.993539,면적중심,45→52
5214044000,36.106433,126.99554,면적중심,45→52
5218010100,35.578093,126.857873,면적중심,45→52
5218010200,35.567416,126.860634,면적중심,45→52
5218010300,35.561102,126.871275,면적중심,45→52
5218010400,35.556919,126.853621,면적중심,45→52
5218010500,35.57237,126.843431,면적중심,45→52
5218010600,35.587817,126.843896,면적중심,45→52
5218010700,35.571225,126.827554,면적중심,45→52
5218010800,35.56081,126.825883,면적중심,45→52
5218010900,35.547699,126.838637,면적중심,45→52
5218011000,35.548644,126.817147,면적중심,45→52
5218011100,35.535975,126.831144,면적중심,45→52
5218011200,35.544558,126.890086,면적중심,45→52
5218011300,35.539976,126.874187,면적중심,45→52
5218011400,35.530982,126.862814,면적중심,45→52
5218011500,35.512037,126.861304,면적중심,45→52
5218011600,35.531742,126.843753,면적중심,45→52
5218011700,35.53294,126.919231,면적중심,45→52
5218011800,35.514154,126.896005,면적중심,45→52
5218011900,35.495153,126.9116,면적중심,45→52
5218012000,35.608286,126.852583,면적중심,45→52
5218012100,35.594288,126.864709,면적중심,45→52
5218012200,35.5712,126.883916,면적중심,45→52
5218012300,35.602849,126.81438,면적중심,45→52
5218012400,35.59123,126.814794,면적중심,45→52
5218012500,35.579808,126.824381,면적중심,45→52
5218012600,35.605005,126.834385,면적중심,45→52
5218012700,35.490542,126.851099,면적중심,45→52
5218025000,35.701419,126.871709,면적중심,45→52
5218031000,35.596352,126.906228,면적중심,45→52
5218032000,35.503294,126.798666,면적중심,45→52
5218033000,35.559903,126.78105,면적중심,45→52
5218034000,35.606007,126.758063,면적중심,45→52
5218035000,35.651239,126.768249,면적중심,45→52
5218036000,35.629946,126.827563,면적중심,45→52
5218037000,35.666677,126.829206,면적중심,45→52
5218038000,35.646787,126.886018,면적중심,45→52
5218039000,35.65692,126.936656,면적중심,45→52
5218040000,35.716481,126.928264,면적중심,45→52
5218041000,35.649295,126.986444,면적중심,45→52
5218042000,35.579385,126.964765,면적중심,45→52
5218043000,35.551251,127.049629,면적중심,45→52
5218044000,35.625975,127.054427,면적중심,45→52
5219010100,35.41145,127.382667,면적중심,45→52
5219010200,35.407801,127.379531,면적중심,45→52
5219010300,35.40874,127.388049,면적중심,45→52
5219010400,35.404824,127.383077,면적중심,45→52
5219010500,35.401785,127.378106,면적중심,45→52
5219010600,35.402957,127.371242,면적중심,45→52
5219010700,35.396048,127.36431,면적중심,45→52
5219010800,35.410662,127.370069,면적중심,45→52
5219010900,35.411098,127.360299,면적중심,45→52
5219011000,35.414275,127.34877,면적중심,45→52
5219011100,35.41872,127.381528,면적중심,45→52
5219011200,35.432692,127.382271,면적중심,45→52
5219011300,35.452292,127.380575,면적중심,45→52
5219011400,35.440638,127.358822,면적중심,45→52
5219011500,35.42599,127.364844,면적중심,45→52
5219011600,35.41746,127.394866,면적중심,45→52
5219011700,35.427449,127.400849,면적중심,45→52
5219011800,35.440289,127.404414,면적중심,45→52
5219011900,35.445802,127.423778,면적중심,45→52
5219012000,35.456563,127.413196,면적중심,45→52
5219012100,35.391678,127.378738,면적중심,45→52
5219012200,35.389769,127.390413,면적중심,45→52
5219012300,35.408965,127.401685,면적중심,45→52
5219025000,35.430531,127.535431,면적중심,45→52
5219031000,35.380691,127.454233,면적중심,45→52
5219032000,35.333731,127.375287,면적중심,45→52
5219033000,35.357174,127.343777,면적중심,45→52
5219034000,35.384886,127.303877,면적중심,45→52
5219035000,35.340056,127.280983,면적중심,45→52
5219036000,35.363248,127.230646,면적중심,45→52
5219037000,35.425374,127.315355,면적중심,45→52
5219038000,35.478276,127.351888,면적중심,45→52
5219039000,35.525048,127.369885,면적중심,45→52
5219040000,35.515756,127.416572,면적중심,45→52
5219041000,35.496703,127.472791,면적중심,45→52
5219042000,35.431095,127.459594,면적중심,45→52
5219045000,35.510783,127.593569,면적중심,45→52
5219046000,35.379021,127.592683,면적중심,45→52
5219047000,35.465074,127.612926,면적중심,45→52
5221010100,35.803207,126.888931,면적중심,45→52
5221010200,35.794476,126.896485,면적중심,45→52
5221010300,35.785547,126.896746,면적중심,45→52
5221010400,35.805341,126.908708,면적중심,45→52
5221010500,35.81487,126.921664,면적중심,45→52
5221010600,35.805479,126.935345,면적중심,45→52
5221010700,35.807945,126.876868,면적중심,45→52
5221010800,35.817645,126.869315,면적중심,45→52
5221010900,35.796382,126.874606,면적중심,45→52
5221011000,35.792795,126.882339,면적중심,45→52
5221011100,35.809013,126.86335,면적중심,45→52
5221011200,35.817831,126.891017,면적중심,45→52
5221011300,35.829719,126.905376,면적중심,45→52
5221011400,35.826937,126.931316,면적중심,45→52
5221011500,35.766465,126.90831,면적중심,45→52
5221011600,35.78203,126.922694,면적중심,45→52
5221011700,35.789978,126.929316,면적중심,45→52
5221011800,35.77611,126.914165,면적중심,45→52
5221011900,35.806326,126.84198,면적중심,45→52
5221012000,35.783308,126.8745,면적중심,45→52
5221012100,35.772009,126.859585,면적중심,45→52
5221012200,35.764244,126.850774,면적중심,45→52
5221012300,35.764899,126.874873,면적중심,45→52
5221012400,35.765148,126.890037,면적중심,45→52
5221012500,35.789356,126.8572,면적중심,45→52
5221012600,35.794643,126.844727,면적중심,45→52
5221012700,35.776221,126.88949,면적중심,45→52
5221012800,35.768347,126.941454,면적중심,45→52
5221012900,35.758496,126.926976,면적중심,45→52
5221013000,35.753824,126.904762,면적중심,45→52
5221025000,35.868683,126.823225,면적중심,45→52
5221032000,35.774225,126.808004,면적중심,45→52
5221033000,35.845794,126.887397,면적중심,45→52
5221034000,35.844687,126.971012,면적중심,45→52
5221035000,35.887732,126.963331,면적중심,45→52
5221036000,35.738754,126.844497,면적중심,45→52
5221038000,35.886044,126.904672,면적중심,45→52
5221039000,35.887573,126.850746,면적중심,45→52
5221040000,35.818312,126.810748,면적중심,45→52
5221041000,35.853227,126.74399,면적중심,45→52
5221042000,35.780871,127.017876,면적중심,45→52
5221043000,35.742705,126.95693,면적중심,45→52
5221044000,35.788734,126.960383,면적중심,45→52
5221045000,35.714967,127.029558,면적중심,45→52
5221046000,35.824412,126.735224,면적중심,45→52
5271025000,35.912982,127.085422,면적중심,45→52
5271025300,35.950183,127.13773,면적중심,45→52
5271025600,35.896986,127.180793,면적중심,45→52
5271032000,35.760783,127.229813,면적중심,45→52
5271033000,35.825727,127.032028,면적중심,45→52
5271034000,35.857778,127.255702,면적중심,45→52
5271035000,35.706525,127.119558,면적중심,45→52
5271036000,35.971416,127.232397,면적중심,45→52
5271037000,36.011409,127.157688,면적중심,45→52
5271038000,36.072177,127.315026,면적중심,45→52
5271039000,36.050591,127.198918,면적중심,45→52
5271040000,35.93918,127.303011,면적중심,45→52
5271041000,36.039502,127.277128,면적중심,45→52
5272025000,35.776775,127.443907,면적중심,45→52
5272031000,35.950977,127.489964,면적중심,45→52
5272032000,35.9021,127.547039,면적중심,45→52
5272033000,35.836623,127.573675,면적중심,45→52
5272034000,35.847906,127.497216,면적중심,45→52
5272035000,35.681161,127.428025,면적중심,45→52
5272036000,35.721222,127.318846,면적중심,45→52
5272037000,35.746374,127.36127,면적중심,45→52
5272038000,35.838736,127.359841,면적중심,45→52
5272039000,35.890876,127.437208,면적중심,45→52
5272040000,35.967761,127.400638,면적중심,45→52
5273025000,36.011513,127.655893,면적중심,45→52
5273031000,35.932292,127.847416,면적중심,45→52
5273032000,35.954328,127.783095,면적중심,45→52
5273033000,35.934857,127.672881,면적중심,45→52
5273034000,35.847139,127.67897,면적중심,45→52
5273035000,35.968862,127.569749,면적중심,45→52
5274025000,35.623652,127.511503,면적중심,45→52
5274031000,35.582241,127.40938,면적중심,45→52
5274032000,35.555466,127.544883,면적중심,45→52
5274033500,35.72625,127.61818,면적중심,45→52
5274034000,35.733165,127.521453,면적중심,45→52
5274035000,35.686988,127.579892,면적중심,45→52
5274036000,35.789779,127.630832,면적중심,45→52
5275025000,35.592442,127.266701,면적중심,45→52
5275031000,35.565343,127.207941,면적중심,45→52
5275032000,35.612435,127.151618,면적중심,45→52
5275033000,35.647464,127.232346,면적중심,45→52
5275034000,35.627112,127.360091,면적중심,45→52
5275035500,35.541413,127.318661,면적중심,45→52
5275036000,35.691113,127.180098,면적중심,45→52
5275037000,35.507792,127.266344,면적중심,45→52
5275038000,35.695312,127.282318,면적중심,45→52
5275039000,35.5466,127.143545,면적중심,45→52
5275040000,35.499495,127.170754,면적중심,45→52
5275041000,35.579023,127.353705,면적중심,45→52
5277025000,35.370438,127.133424,면적중심,45→52
5277031000,35.422898,127.159014,면적중심,45→52
5277032000,35.456469,127.249336,면적중심,45→52
5277033000,35.332915,127.142498,면적중심,45→52
5277034000,35.333513,127.084224,면적중심,45→52
5277035000,35.394228,127.084991,면적중심,45→52
5277036000,35.505255,126.992046,면적중심,45→52
5277037000,35.44527,126.936154,면적중심,45→52
5277038000,35.423948,127.20836,면적중심,45→52
5277039000,35.374363,127.188446,면적중심,45→52
5277040000,35.462853,127.087206,면적중심,45→52
5279025000,35.432088,126.703921,면적중심,45→52
5279031000,35.390079,126.681471,면적중심,45→52
5279032000,35.467276,126.611431,면적중심,45→52
5279033000,35.412031,126.57461,면적중심,45→52
5279034000,35.383256,126.526672,면적중심,45→52
5279035000,35.444347,126.479202,면적중심,45→52
5279036000,35.47481,126.5121,면적중심,45→52
5279037000,35.365161,126.635747,면적중심,45→52
5279038000,35.339392,126.573185,면적중심,45→52
5279039000,35.512239,126.545875,면적중심,45→52
5279040000,35.536895,126.700056,면적중심,45→52
5279041000,35.535457,126.744757,면적중심,45→52
5279042000,35.476899,126.722153,면적중심,45→52
5279043000,35.52677,126.642581,면적중심,45→52
5280025000,35.708652,126.744915,면적중심,45→52
5280031000,35.66511,126.709104,면적중심,45→52
5280032000,35.761024,126.748113,면적중심,45→52
5280033000,35.722873,126.7059,면적중심,45→52
5280034000,35.773723,126.67542,면적중심,45→52
5280035000,35.620458,126.665279,면적중심,45→52
5280036000,35.643815,126.5351,면적중심,45→52
5280037000,35.604509,126.571577,면적중심,45→52
5280038000,35.70185,126.79269,면적중심,45→52
5280039000,35.668998,126.645675,면적중심,45→52
5280040000,35.713064,126.627863,면적중심,45→52
5280041000,35.59257,126.694397,면적중심,45→52
5280042000,35.602749,126.294886,내부점보정,45→52
4611010100,34.804645,126.397018,면적중심,
4611010200,34.797951,126.391468,내부점보정,
4611010300,34.818712,126.383463,면적중심,
4611010400,34.799352,126.382586,면적중심,
4611010500,34.79641,126.381203,면적중심,
4611010600,34.79374,126.378442,면적중심,
4611010700,34.793922,126.381588,면적중심,
4611010800,34.793845,126.388029,면적중심,
4611010900,34.792403,126.38496,면적중심,
4611011000,34.793187,126.384095,면적중심,
4611011100,34.791793,126.385707,면적중심,
4611011200,34.791251,126.382316,면적중심,
4611011300,34.78893,126.384348,면적중심,
4611011400,34.789162,126.382395,면적중심,
4611011500,34.789224,126.387053,면적중심,
4611011600,34.789717,126.385897,면적중심,
4611011700,34.787903,126.385432,면적중심,
4611011800,34.789231,126.392116,면적중심,
4611011900,34.787919,126.390228,면적중심,
4611012000,34.788507,126.389093,면적중심,
4611012100,34.789291,126.388494,면적중심,
4611012200,34.785858,126.38665,면적중심,
4611012300,34.786666,126.385511,면적중심,
4611012400,34.786507,126.387345,면적중심,
4611012500,34.787292,126.386204,면적중심,
4611012600,34.787387,126.389374,면적중심,
4611012700,34.788082,126.388436,면적중심,
4611012800,34.788635,126.387713,면적중심,
4611012900,34.786795,126.388551,면적중심,
4611013000,34.787406,126.387685,면적중심,
4611013100,34.787961,126.386954,면적중심,
4611013200,34.786394,126.379213,면적중심,
4611013300,34.786936,126.384536,면적중심,
4611013400,34.787513,126.382554,면적중심,
4611013500,34.786719,126.380684,면적중심,
4611013600,34.786215,126.383755,면적중심,
4611013700,34.786167,126.382267,면적중심,
4611013800,34.786063,126.38041,면적중심,
4611013900,34.785176,126.384583,면적중심,
4611014000,34.785352,126.3861,면적중심,
4611014100,34.786195,126.384982,면적중심,
4611014200,34.781414,126.382648,면적중심,
4611014300,34.782129,126.381863,면적중심,
4611014400,34.78187,126.38111,면적중심,
4611014500,34.781567,126.380076,면적중심,
4611014600,34.783333,126.384523,면적중심,
4611014700,34.784937,126.382999,면적중심,
4611014800,34.784897,126.381081,면적중심,
4611014900,34.783536,126.381774,면적중심,
4611015000,34.784394,126.382952,면적중심,
4611015100,34.78424,126.381513,면적중심,
4611015200,34.785525,126.382417,면적중심,
4611015300,34.785405,126.380153,면적중심,
4611015400,34.782535,126.376569,면적중심,
4611015500,34.780933,126.37746,면적중심,
4611015600,34.78482,126.374317,면적중심,
4611015700,34.795388,126.367755,면적중심,
4611015800,34.807747,126.418537,면적중심,
4611015900,34.807185,126.405895,면적중심,
4611016000,34.824217,126.424956,면적중심,
4611016100,34.769362,126.313178,내부점보정,
4611016200,34.801915,126.325668,면적중심,
4611016300,34.83444,126.410848,면적중심,
4611016400,34.807618,126.443128,면적중심,
4613010100,34.739103,127.747888,면적중심,
4613010200,34.74354,127.749771,내부점보정,
4613010300,34.747048,127.743054,면적중심,
4613010400,34.742694,127.742809,면적중심,
4613010500,34.739808,127.740673,면적중심,
4613010600,34.746119,127.737762,면적중심,
4613010700,34.73842,127.738509,내부점보정,
4613010800,34.739953,127.732425,면적중심,
4613010900,34.74334,127.734727,면적중심,
4613011000,34.742664,127.730867,면적중심,
4613011100,34.752301,127.729206,면적중심,
4613011200,34.748615,127.72264,면적중심,
4613011300,34.741851,127.727299,면적중심,
4613011400,34.741641,127.719467,면적중심,
4613011500,34.73582,127.720776,면적중심,
4613011600,34.735042,127.730141,면적중심,
4613011700,34.731703,127.714476,면적중심,
4613011800,34.732137,127.698327,면적중심,
4613011900,34.74738,127.706698,면적중심,
4613012000,34.755512,127.69892,면적중심,
4613012100,34.761038,127.720085,면적중심,
4613012200,34.773925,127.709657,면적중심,
4613012300,34.777518,127.698636,면적중심,
4613012400,34.795956,127.742113,면적중심,
4613012500,34.77601,127.734194,면적중심,
4613012600,34.756807,127.743048,면적중심,
4613012700,34.708092,127.724378,면적중심,
4613012800,34.76212,127.66198,면적중심,
4613012900,34.767676,127.677661,면적중심,
4613013000,34.755704,127.649912,면적중심,
4613013100,34.738666,127.643527,면적중심,
4613013200,34.758164,127.679489,면적중심,
4613013300,34.760612,127.673406,면적중심,
4613013400,34.746561,127.680449,면적중심,
4613013500,34.77179,127.654268,면적중심,
4613013600,34.776513,127.668014,면적중심,
4613013700,34.776874,127.643454,면적중심,
4613013800,34.793831,127.660008,면적중심,
4613013900,34.784877,127.681111,면적중심,
4613014000,34.800593,127.64025,면적중심,
4613014100,34.82047,127.649778,면적중심,
4613014200,34.808698,127.664859,면적중심,
4613014300,34.809935,127.68144,면적중심,
4613014400,34.832583,127.689409,면적중심,
4613014500,34.844773,127.707858,면적중심,
4613014600,34.848167,127.727745,면적중심,
4613014700,34.883422,127.72084,면적중심,
4613014800,34.848429,127.759502,면적중심,
4613014900,34.817842,127.75845,면적중심,
4613015000,34.828317,127.736101,면적중심,
4613015100,34.805815,127.719192,면적중심,
4613025000,34.645773,127.762198,면적중심,
4613031000,34.788387,127.604556,면적중심,
4613032000,34.850275,127.574252,면적중심,
4613033000,34.691165,127.596183,면적중심,
4613034000,34.509653,127.762891,면적중심,
4613035000,34.59747,127.599584,내부점보정,
4613036000,34.231775,127.245501,내부점보정,
4615010100,34.98571,127.425691,면적중심,
4615010200,34.961729,127.450081,면적중심,
4615010300,34.953962,127.482245,면적중심,
4615010400,34.952229,127.470783,면적중심,
4615010500,34.95568,127.48263,면적중심,
4615010600,34.960231,127.470561,면적중심,
4615010700,34.963006,127.479629,면적중심,
4615010800,34.985578,127.457388,면적중심,
4615010900,34.986002,127.478835,면적중심,
4615011000,34.972581,127.497509,면적중심,
4615011100,34.955792,127.496925,면적중심,
4615011200,34.953815,127.506701,면적중심,
4615011300,34.945383,127.507863,면적중심,
4615011400,34.940404,127.520111,면적중심,
4615011500,34.935011,127.504372,면적중심,
4615011600,34.939337,127.484481,면적중심,
4615011700,34.943036,127.47796,면적중심,
4615011800,34.94853,127.476863,면적중심,
4615011900,34.949712,127.48884,면적중심,
4615012000,34.954031,127.485183,면적중심,
4615012100,34.95608,127.484867,면적중심,
4615012200,34.956696,127.487895,면적중심,
4615012300,34.903187,127.511863,면적중심,
4615012400,34.906216,127.491281,면적중심,
4615012500,34.916746,127.508531,면적중심,
4615012600,34.927557,127.499843,면적중심,
4615012700,34.926789,127.481646,면적중심,
4615012800,34.913524,127.480336,면적중심,
4615012900,34.892973,127.480884,면적중심,
4615013000,34.887103,127.495715,면적중심,
4615013100,34.890925,127.506892,면적중심,
4615013200,34.975718,127.53871,면적중심,
4615013300,34.961448,127.524473,면적중심,
4615025000,35.017596,127.362113,면적중심,
4615031000,34.905882,127.548038,면적중심,
4615032000,35.027869,127.493517,면적중심,
4615033000,35.115988,127.459155,면적중심,
4615034000,35.085806,127.390067,면적중심,
4615035000,35.069007,127.246339,면적중심,
4615036000,34.988803,127.247156,면적중심,
4615037000,34.916091,127.272344,면적중심,
4615038000,34.921258,127.346188,면적중심,
4615039000,34.869696,127.429377,면적중심,
4615040000,34.937262,127.418851,면적중심,
4617010100,35.013712,126.730481,면적중심,
4617010200,35.018421,126.715556,면적중심,
4617010300,35.012341,126.689184,면적중심,
4617010400,35.006137,126.702293,면적중심,
4617010500,35.031739,126.711607,면적중심,
4617010600,35.033136,126.714012,면적중심,
4617010700,35.036112,126.714602,면적중심,
4617010800,35.040479,126.700093,면적중심,
4617010900,35.029021,126.690404,면적중심,
4617011000,35.030603,126.714745,면적중심,
4617011100,35.029043,126.716705,면적중심,
4617011200,35.031252,126.720645,면적중심,
4617011300,35.03438,126.716428,면적중심,
4617011400,35.036364,126.719878,면적중심,
4617011500,35.032894,126.719903,면적중심,
4617011600,35.049743,126.715411,면적중심,
4617011700,35.060452,126.728019,면적중심,
4617011800,35.0533,126.736685,면적중심,
4617011900,35.046063,126.728733,면적중심,
4617012000,35.026765,126.722182,면적중심,
4617012100,35.030667,126.724915,면적중심,
4617012200,35.030171,126.730691,면적중심,
4617012300,35.002297,126.729038,면적중심,
4617012400,34.992318,126.721271,면적중심,
4617012500,34.992094,126.744009,면적중심,
4617012600,34.985228,126.751866,면적중심,
4617012700,34.980276,126.732251,면적중심,
4617012800,34.991648,126.709337,면적중심,
4617012900,34.978595,126.72029,면적중심,
4617013000,34.990308,126.692408,면적중심,
4617013100,34.978985,126.68302,면적중심,
4617013200,34.980129,126.658831,면적중심,
4617013300,34.994694,126.674814,면적중심,
4617013400,35.018438,126.789116,면적중심,
4617025000,35.028548,126.862608,면적중심,
4617031000,34.927193,126.732879,면적중심,
4617032000,34.960041,126.670467,면적중심,
4617033000,34.913666,126.655086,면적중심,
4617034000,34.949941,126.601008,면적중심,
4617035000,34.927593,126.553092,면적중심,
4617036000,35.015826,126.640377,면적중심,
4617037000,35.067937,126.63093,면적중심,
4617038000,35.083319,126.716815,면적중심,
4617039000,35.023317,126.761597,면적중심,
4617040000,35.030065,126.808407,면적중심,
4617042000,34.934383,126.836262,면적중심,
4617043000,34.944718,126.782584,면적중심,
4623010100,34.912974,127.633164,면적중심,
4623010200,34.915468,127.65158,면적중심,
4623010300,34.92185,127.674404,면적중심,
4623010400,34.946385,127.668686,면적중심,
4623010500,34.962804,127.668698,면적중심,
4623010600,34.93744,127.69307,면적중심,
4623010700,34.950804,127.704779,면적중심,
4623010800,34.961328,127.717025,면적중심,
4623010900,34.945649,127.755373,면적중심,
4623011000,34.921064,127.741925,면적중심,
4623025000,34.958139,127.603496,면적중심,
4623031000,35.048798,127.565513,면적중심,
4623032000,35.054092,127.614291,면적중심,
4623033000,34.99807,127.678105,면적중심,
4623034000,35.053956,127.684454,면적중심,
4623035000,35.006423,127.754948,면적중심,
4623036000,35.118981,127.664368,면적중심,
4671025000,35.321086,126.98272,면적중심,
4671031000,35.269089,126.955952,면적중심,
4671032000,35.219967,126.974005,면적중심,
4671033500,35.159073,127.039894,면적중심,
4671034000,35.231241,127.014991,면적중심,
4671035000,35.231179,127.058667,면적중심,
4671036000,35.286473,127.047964,면적중심,
4671037000,35.344659,127.037654,면적중심,
4671038000,35.40675,127.005353,면적중심,
4671039000,35.358805,126.931097,면적중심,
4671040000,35.303251,126.923491,면적중심,
4671041000,35.284594,126.887712,면적중심,
4672025000,35.280035,127.271163,면적중심,
4672031000,35.233839,127.321484,면적중심,
4672032000,35.213011,127.226565,면적중심,
4672033000,35.154528,127.23886,면적중심,
4672034000,35.107412,127.302009,면적중심,
4672035000,35.161857,127.339509,면적중심,
4672036000,35.277803,127.362826,면적중심,
4672037000,35.295774,127.141571,면적중심,
4672038000,35.297024,127.210898,면적중심,
4672039000,35.253264,127.177154,면적중심,
4672040000,35.231656,127.12526,면적중심,
4673025000,35.203155,127.42595,면적중심,
4673031000,35.166509,127.49888,면적중심,
4673032000,35.152574,127.567497,면적중심,
4673033000,35.239925,127.562192,면적중심,
4673034000,35.243251,127.499427,면적중심,
4673035000,35.269946,127.467843,면적중심,
4673036000,35.247984,127.423647,면적중심,
4673037000,35.319745,127.467837,면적중심,
4677025000,34.605701,127.265475,면적중심,
4677025300,34.531212,127.151508,면적중심,
4677031000,34.55761,127.240304,면적중심,
4677032000,34.583613,127.186826,면적중심,
4677033000,34.459731,127.168644,면적중심,
4677034000,34.498828,127.321214,면적중심,
4677035000,34.565687,127.357494,면적중심,
4677036000,34.446422,127.493362,면적중심,
4677037000,34.643538,127.400064,면적중심,
4677038000,34.686841,127.384549,면적중심,
4677039000,34.741541,127.359111,면적중심,
4677040000,34.795363,127.335661,면적중심,
4677041000,34.762442,127.281394,면적중심,
4677042000,34.658183,127.273879,면적중심,
4677044000,34.60473,127.455602,면적중심,
4677045000,34.509454,127.466455,면적중심,
4678025000,34.751024,127.069677,면적중심,
4678025300,34.846578,127.320684,면적중심,
4678031000,34.810923,127.053689,면적중심,
4678032000,34.808572,127.106467,면적중심,
4678033000,34.825663,127.158498,면적중심,
4678034000,34.865946,127.202151,면적중심,
4678035000,34.898937,127.122845,면적중심,
4678036000,34.938314,127.184662,면적중심,
4678037000,34.803483,127.239182,면적중심,
4678038000,34.751331,127.168111,면적중심,
4678039000,34.692295,127.094721,면적중심,
4678040000,34.706898,127.021543,면적중심,
4679025000,35.062139,126.963328,면적중심,
4679031000,34.970334,127.033172,면적중심,
4679032000,34.941428,126.949602,면적중심,
4679033000,34.876099,126.953781,면적중심,
4679034000,34.891018,127.030064,면적중심,
4679035000,35.005039,126.956576,면적중심,
4679036000,35.006947,126.910517,면적중심,
4679037000,34.912466,126.889619,면적중심,
4679038000,35.106589,127.068925,면적중심,
4679039500,35.162588,127.140291,면적중심,
4679040000,35.078278,127.147431,면적중심,
4679041500,35.002093,127.124676,면적중심,
4679042000,35.041119,127.043397,면적중심,
4680025000,34.679744,126.904983,면적중심,
4680025300,34.553528,126.937652,면적중심,
4680025600,34.493447,126.881893,면적중심,
4680031000,34.613378,126.926149,면적중심,
4680032000,34.655517,126.989828,면적중심,
4680033000,34.746444,126.978625,면적중심,
4680034000,34.80789,126.962963,면적중심,
4680035000,34.796043,126.860499,면적중심,
4680036000,34.732582,126.909355,면적중심,
4680037000,34.477201,126.936706,면적중심,
4681025000,34.63074,126.739855,면적중심,
4681031000,34.644572,126.823364,면적중심,
4681032000,34.574394,126.830795,면적중심,
4681033000,34.514493,126.818174,면적중심,
4681034000,34.565063,126.722506,면적중심,
4681035000,34.496895,126.71743,면적중심,
4681036000,34.708983,126.712076,면적중심,
4681037000,34.709216,126.770494,면적중심,
4681038000,34.710573,126.825415,면적중심,
4681039000,34.757868,126.78708,면적중심,
4681040000,34.473228,126.830727,면적중심,
4682025000,34.558032,126.566171,면적중심,
4682031000,34.511763,126.604091,면적중심,
4682032000,34.483224,126.495098,면적중심,
4682033000,34.453779,126.569531,면적중심,
4682034000,34.368256,126.535065,면적중심,
4682035000,34.38894,126.610254,면적중심,
4682036000,34.46178,126.678391,면적중심,
4682037000,34.562801,126.655365,면적중심,
4682038000,34.654429,126.636972,면적중심,
4682039000,34.630746,126.546351,면적중심,
4682040000,34.574218,126.444555,면적중심,
4682041000,34.659264,126.42873,면적중심,
4682042000,34.607841,126.329493,면적중심,
4682043000,34.687419,126.307065,면적중심,
4683025000,34.791123,126.724928,면적중심,
4683025300,34.747142,126.463977,면적중심,
4683031000,34.830051,126.701855,면적중심,
4683032000,34.85306,126.78181,면적중심,
4683033000,34.892334,126.68991,면적중심,
4683034000,34.869366,126.592092,면적중심,
4683035000,34.845159,126.641647,면적중심,
4683036000,34.779667,126.637519,면적중심,
4683037000,34.772652,126.574803,면적중심,
4683038000,34.731865,126.632311,내부점보정,
4683039000,34.697087,126.562632,면적중심,
4684025000,34.992464,126.471305,면적중심,
4684025300,34.833867,126.508936,면적중심,
4684025600,34.846412,126.446773,면적중심,
4684032000,34.923586,126.49995,면적중심,
4684033000,34.930572,126.429511,면적중심,
4684034000,35.037821,126.438662,내부점보정,
4684035000,34.999823,126.381139,면적중심,
4684036000,35.101997,126.291288,면적중심,
4684037000,34.951284,126.338602,면적중심,
4686025000,35.067911,126.488872,면적중심,
4686031000,35.141488,126.431996,면적중심,
4686032000,35.162772,126.487801,면적중심,
4686033000,35.020802,126.56166,면적중심,
4686034000,35.013432,126.514059,면적중심,
4686035000,35.100052,126.539525,면적중심,
4686036000,35.121913,126.60459,면적중심,
4686037000,35.169948,126.575955,면적중심,
4686038000,35.191101,126.626438,면적중심,
4687025000,35.294796,126.505721,면적중심,
4687025300,35.302025,126.402928,면적중심,
4687025600,35.401937,126.445515,면적중심,
4687031000,35.299601,126.591672,면적중심,
4687032000,35.243728,126.559438,면적중심,
4687033000,35.208938,126.512153,면적중심,
4687034000,35.264036,126.469714,면적중심,
4687035000,35.224118,126.438946,면적중심,
4687036000,35.217127,126.365327,면적중심,
4687037000,35.353462,126.471945,면적중심,
4687038000,35.348395,126.028166,내부점보정,
4688025000,35.326534,126.815885,면적중심,
4688031000,35.268687,126.841004,면적중심,
4688032000,35.243468,126.798676,면적중심,
4688033000,35.264542,126.719029,면적중심,
4688034000,35.232583,126.643662,면적중심,
4688035000,35.285758,126.66478,면적중심,
4688036000,35.307824,126.731595,면적중심,
4688037000,35.349792,126.751419,면적중심,
4688038000,35.386479,126.777339,면적중심,
4688039000,35.431752,126.795744,면적중심,
4688040000,35.407117,126.869017,면적중심,
4689025000,34.328585,126.71577,면적중심,
4689025300,34.343536,127.058174,면적중심,
4689025600,34.203005,126.56653,면적중심,
4689031000,34.364759,126.665917,면적중심,
4689032000,34.330726,126.839768,면적중심,
4689033000,34.403675,126.807325,면적중심,
4689034000,34.381114,126.905204,면적중심,
4689035000,34.163494,126.877094,면적중심,
4689036000,34.163866,126.646965,면적중심,
4689037000,34.435246,127.053556,면적중심,
4689038000,34.152293,126.546953,면적중심,
4689039000,34.316086,126.985771,면적중심,
4690025000,34.490401,126.240065,면적중심,
4690031000,34.535068,126.282947,면적중심,
4690032000,34.486838,126.343595,면적중심,
4690033000,34.43302,126.291506,면적중심,
4690034000,34.394707,126.205543,면적중심,
4690035000,34.439657,126.157466,면적중심,
4690036000,34.313164,126.011559,내부점보정,
4691025000,35.060483,126.210266,면적중심,
4691025300,34.882618,126.301565,면적중심,
4691031000,34.986368,126.156525,면적중심,
4691032000,35.091973,126.081463,면적중심,
4691033000,34.88759,126.045626,면적중심,
4691034000,34.75962,125.947676,면적중심,
4691035000,34.677283,125.937033,면적중심,
4691036000,34.661925,125.409528,내부점보정,
4691037000,34.609979,126.020883,면적중심,
4691038000,34.579268,126.089909,내부점보정,
4691039000,34.640098,126.155798,면적중심,
4691040000,34.732285,126.127883,면적중심,
4691041000,34.785348,126.139558,면적중심,
4691042000,34.841268,126.108582,면적중심,
4711110100,36.00984,129.3518,면적중심,
4711110200,36.013969,129.362379,면적중심,
4711110300,36.019596,129.371107,면적중심,
4711110400,36.033692,129.377334,면적중심,
4711110500,36.00012,129.410723,면적중심,
4711110600,35.988723,129.422654,면적중심,
4711110700,36.02668,129.39969,면적중심,
4711110800,36.009382,129.382773,면적중심,
4711110900,35.996904,129.375798,면적중심,
4711111000,36.001945,129.394777,면적중심,
4711111100,35.980466,129.374116,면적중심,
4711111200,35.986669,129.399368,면적중심,
4711111300,35.982528,129.385712,면적중심,
4711111400,36.007414,129.331597,면적중심,
4711111500,36.024814,129.321465,면적중심,
4711111600,36.017366,129.339706,면적중심,
4711111700,36.034323,129.330766,면적중심,
4711125000,35.985307,129.535458,면적중심,
4711125300,36.004186,129.316511,면적중심,
4711125600,35.918647,129.396527,면적중심,
4711131000,35.944861,129.352937,면적중심,
4711132000,35.997759,129.486958,면적중심,
4711133000,35.902328,129.476588,면적중심,
4711135000,36.053008,129.555303,면적중심,
4711310100,36.036952,129.361292,면적중심,
4711310200,36.040004,129.36296,면적중심,
4711310300,36.036547,129.365502,면적중심,
4711310400,36.038737,129.365853,면적중심,
4711310500,36.039355,129.368092,면적중심,
4711310600,36.037852,129.367419,면적중심,
4711310700,36.041942,129.365364,면적중심,
4711310800,36.045159,129.364292,면적중심,
4711310900,36.047647,129.367205,면적중심,
4711311000,36.045277,129.370266,면적중심,
4711311100,36.04031,129.369611,면적중심,
4711311200,36.053715,129.369134,면적중심,
4711311300,36.053056,129.375669,면적중심,
4711311400,36.030714,129.343278,면적중심,
4711311500,36.034844,129.344467,면적중심,
4711311600,36.0261,129.359507,면적중심,
4711311700,36.041716,129.34974,면적중심,
4711311800,36.058069,129.354182,면적중심,
4711311900,36.069574,129.361548,면적중심,
4711312000,36.0639,129.380238,면적중심,
4711312100,36.078375,129.379066,면적중심,
4711312200,36.087688,129.397152,내부점보정,
4711312300,36.070665,129.397123,면적중심,
4711312400,36.07669,129.412287,면적중심,
4711325000,36.107555,129.343596,면적중심,
4711331000,36.147018,129.25489,면적중심,
4711332000,36.192165,129.324217,면적중심,
4711333000,36.24476,129.320712,면적중심,
4711334000,36.087446,129.17832,면적중심,
4711335000,36.214932,129.140787,면적중심,
4711336000,36.151388,129.183522,면적중심,
4713010100,35.845742,129.212031,면적중심,
4713010200,35.847247,129.208516,면적중심,
4713010300,35.848679,129.212098,면적중심,
4713010400,35.847673,129.218513,면적중심,
4713010500,35.842078,129.220181,면적중심,
4713010600,35.842119,129.211733,면적중심,
4713010700,35.840928,129.205672,면적중심,
4713010800,35.851075,129.204799,면적중심,
4713010900,35.832101,129.205943,면적중심,
4713011000,35.834092,129.212899,면적중심,
4713011100,35.82817,129.217351,면적중심,
4713011200,35.82868,129.225695,면적중심,
4713011300,35.818785,129.212532,면적중심,
4713011400,35.847486,129.170109,면적중심,
4713011500,35.827995,129.18968,면적중심,
4713011600,35.825876,129.166108,면적중심,
4713011700,35.838734,129.142808,면적중심,
4713011800,35.810399,129.261323,면적중심,
4713011900,35.797656,129.270528,면적중심,
4713012000,35.790907,129.240633,면적중심,
4713012100,35.819118,129.244528,면적중심,
4713012200,35.835416,129.237009,면적중심,
4713012300,35.834305,129.255778,면적중심,
4713012400,35.868609,129.215199,면적중심,
4713012500,35.871726,129.232223,면적중심,
4713012600,35.850878,129.237215,면적중심,
4713012700,35.779157,129.262019,면적중심,
4713012800,35.782736,129.281445,면적중심,
4713012900,35.755978,129.27063,면적중심,
4713013000,35.769358,129.297484,면적중심,
4713013100,35.785633,129.298937,면적중심,
4713013200,35.789118,129.321298,면적중심,
4713013300,35.805076,129.314992,면적중심,
4713013400,35.786403,129.336848,면적중심,
4713013500,35.821783,129.285088,면적중심,
4713013600,35.843428,129.29014,면적중심,
4713013700,35.839013,129.32398,면적중심,
4713013800,35.873235,129.331793,면적중심,
4713013900,35.829035,129.350069,면적중심,
4713014000,35.859637,129.258833,면적중심,
4713014100,35.858799,129.293275,면적중심,
4713014200,35.80592,129.180245,면적중심,
4713014300,35.800428,129.212982,면적중심,
4713014400,35.8598,129.188332,면적중심,
4713025000,35.80624,129.478541,면적중심,
4713025300,35.981395,129.184171,면적중심,
4713025600,35.831737,129.103265,면적중심,
4713025900,35.712279,129.313422,면적중심,
4713031500,35.798589,129.413992,면적중심,
4713032000,35.704084,129.417775,면적중심,
4713033000,35.747595,129.174764,면적중심,
4713034000,35.749125,129.037373,면적중심,
4713035000,35.89673,129.065476,면적중심,
4713036000,35.896775,129.169977,면적중심,
4713037000,35.995418,129.272178,면적중심,
4713038000,35.904309,129.276729,면적중심,
4715010100,36.120827,128.129437,면적중심,
4715010200,36.120194,128.128206,면적중심,
4715010300,36.125059,128.125211,면적중심,
4715010400,36.123531,128.120715,면적중심,
4715010500,36.12556,128.111635,면적중심,
4715010600,36.115366,128.114267,면적중심,
4715010700,36.112659,128.119958,면적중심,
4715010800,36.136663,128.120269,면적중심,
4715010900,36.141823,128.100634,면적중심,
4715011000,36.140711,128.080709,면적중심,
4715011100,36.156741,128.088602,면적중심,
4715011200,36.1227,128.063411,내부점보정,
4715011300,36.110775,128.075537,면적중심,
4715011400,36.117988,128.09707,면적중심,
4715011500,36.115036,128.136153,면적중심,
4715011600,36.11806,128.152452,면적중심,
4715011700,36.144625,128.142768,면적중심,
4715011800,36.149729,128.124383,면적중심,
4715011900,36.095635,128.107236,면적중심,
4715012000,36.124563,128.186509,면적중심,
4715025000,36.155459,128.249761,면적중심,
4715031000,36.078672,128.184067,면적중심,
4715032000,36.095393,128.240248,면적중심,
4715034000,36.173603,128.181499,면적중심,
4715035000,36.221448,128.171927,면적중심,
4715036000,36.203112,128.09536,면적중심,
4715037000,36.170482,128.030743,면적중심,
4715038000,36.100554,128.007943,면적중심,
4715039000,36.06094,128.13996,면적중심,
4715040000,36.009738,128.118268,면적중심,
4715041000,36.042395,128.030831,면적중심,
4715042000,35.965127,128.04664,면적중심,
4715043000,36.000559,127.935716,면적중심,
4715044000,35.915163,127.949546,면적중심,
4715045000,35.879015,128.03031,면적중심,
4717010100,36.565719,128.73132,면적중심,
4717010200,36.565904,128.728999,면적중심,
4717010300,36.56738,128.731354,면적중심,
4717010400,36.569385,128.729639,면적중심,
4717010500,36.573658,128.735698,면적중심,
4717010600,36.569884,128.735939,면적중심,
4717010700,36.567343,128.735176,면적중심,
4717010800,36.567721,128.739253,면적중심,
4717010900,36.564954,128.742284,면적중심,
4717011000,36.553929,128.760103,면적중심,
4717011100,36.565244,128.735688,면적중심,
4717011200,36.56542,128.733665,면적중심,
4717011300,36.560605,128.73135,면적중심,
4717011400,36.563076,128.726977,면적중심,
4717011500,36.563921,128.731043,면적중심,
4717011600,36.564426,128.728346,면적중심,
4717011700,36.561835,128.725367,면적중심,
4717011800,36.56604,128.725587,면적중심,
4717011900,36.559888,128.721872,면적중심,
4717012000,36.565933,128.72256,면적중심,
4717012100,36.562172,128.718812,면적중심,
4717012200,36.560533,128.708808,면적중심,
4717012300,36.569653,128.727199,면적중심,
4717012400,36.567062,128.728152,면적중심,
4717012500,36.571071,128.725344,면적중심,
4717012600,36.569231,128.72105,면적중심,
4717012700,36.568602,128.715116,면적중심,
4717012800,36.579149,128.718604,면적중심,
4717012900,36.57337,128.71055,면적중심,
4717013000,36.568903,128.768995,면적중심,
4717013100,36.580823,128.75544,면적중심,
4717013200,36.587148,128.732911,면적중심,
4717013300,36.558909,128.691803,면적중심,
4717013400,36.599156,128.711626,면적중심,
4717013500,36.586607,128.685106,면적중심,
4717013600,36.575538,128.692515,면적중심,
4717013700,36.54752,128.798073,면적중심,
4717013800,36.573481,128.799853,면적중심,
4717013900,36.542926,128.748077,면적중심,
4717014000,36.544235,128.726938,면적중심,
4717014100,36.541333,128.705735,면적중심,
4717014200,36.546375,128.680339,면적중심,
4717025000,36.593968,128.585203,면적중심,
4717031000,36.630416,128.792676,면적중심,
4717032000,36.678373,128.675839,면적중심,
4717033000,36.628249,128.656339,면적중심,
4717034000,36.525722,128.515858,면적중심,
4717035000,36.464465,128.637796,면적중심,
4717036000,36.528594,128.625631,면적중심,
4717037000,36.507834,128.753319,면적중심,
4717038000,36.510488,128.846853,면적중심,
4717039000,36.413066,128.915596,면적중심,
4717040000,36.578959,128.940053,면적중심,
4717041000,36.68424,128.912559,면적중심,
4717042000,36.748053,128.846716,면적중심,
4717043000,36.750303,128.768558,면적중심,
4719010100,36.126589,128.338855,면적중심,
4719010200,36.137029,128.34997,면적중심,
4719010300,36.14202,128.327608,면적중심,
4719010400,36.153201,128.310547,면적중심,
4719010500,36.155803,128.297516,면적중심,
4719010600,36.135316,128.301714,면적중심,
4719010700,36.112422,128.287135,면적중심,
4719010800,36.107712,128.309567,면적중심,
4719010900,36.107493,128.333724,면적중심,
4719011000,36.118561,128.346584,면적중심,
4719011100,36.121372,128.3634,면적중심,
4719011200,36.125017,128.379583,면적중심,
4719011300,36.101832,128.380825,면적중심,
4719011400,36.109276,128.357799,면적중심,
4719011500,36.099582,128.352393,면적중심,
4719011600,36.087403,128.3456,면적중심,
4719011700,36.086106,128.365035,면적중심,
4719011800,36.073121,128.365262,면적중심,
4719011900,36.097578,128.46623,면적중심,
4719012000,36.087768,128.447667,면적중심,
4719012100,36.115664,128.433001,면적중심,
4719012200,36.10573,128.43302,면적중심,
4719012300,36.097075,128.423329,내부점보정,
4719012400,36.091633,128.411873,면적중심,
4719012500,36.113865,128.403837,면적중심,
4719012600,36.135932,128.380642,면적중심,
4719012700,36.142289,128.401417,면적중심,
4719012800,36.143984,128.420792,면적중심,
4719012900,36.128668,128.417249,면적중심,
4719013000,36.125693,128.453125,면적중심,
4719025000,36.242495,128.292771,면적중심,
4719025300,36.184205,128.328458,면적중심,
4719025600,36.17929,128.45411,면적중심,
4719031000,36.267465,128.188554,면적중심,
4719032000,36.303545,128.261144,면적중심,
4719033000,36.304344,128.35356,면적중심,
4719034000,36.221314,128.390618,면적중심,
4719036000,36.148087,128.513942,면적중심,
4721010100,36.827309,128.620207,면적중심,
4721010200,36.842734,128.645917,면적중심,
4721010300,36.828757,128.633249,면적중심,
4721010400,36.812099,128.64166,면적중심,
4721010500,36.820346,128.604473,면적중심,
4721010600,36.796076,128.605661,면적중심,
4721010700,36.848102,128.615198,면적중심,
4721010800,36.843576,128.596405,면적중심,
4721010900,36.831573,128.58135,면적중심,
4721011000,36.86697,128.63282,면적중심,
4721011100,36.799584,128.643584,면적중심,
4721011200,36.784907,128.621576,면적중심,
4721011300,36.858788,128.598556,면적중심,
4721025000,36.901992,128.48897,면적중심,
4721031000,36.817703,128.690453,면적중심,
4721032000,36.742065,128.700074,면적중심,
4721033000,36.748619,128.624217,면적중심,
4721034000,36.779737,128.568393,면적중심,
4721035000,36.842785,128.556819,면적중심,
4721036000,36.827157,128.496878,면적중심,
4721037000,36.933316,128.549445,면적중심,
4721038000,36.968338,128.594778,면적중심,
4721039000,36.99029,128.655632,면적중심,
4723010100,35.972823,128.9601,면적중심,
4723010200,35.985384,128.952519,면적중심,
4723010300,35.982394,128.944202,면적중심,
4723010400,35.972428,128.931616,면적중심,
4723010500,35.97368,128.936,면적중심,
4723010600,35.971713,128.929484,면적중심,
4723010700,35.969232,128.925517,면적중심,
4723010800,35.966034,128.930597,면적중심,
4723010900,35.962398,128.924799,면적중심,
4723011000,35.973767,128.919701,면적중심,
4723011100,35.942461,128.930367,면적중심,
4723011200,35.953617,128.936013,면적중심,
4723011300,35.962149,128.952594,면적중심,
4723011400,35.951726,128.970497,면적중심,
4723011500,35.942925,128.949073,면적중심,
4723011600,35.933967,128.953374,면적중심,
4723011700,35.922456,128.960986,면적중심,
4723011800,35.907593,128.955137,면적중심,
4723011900,35.893027,128.960628,면적중심,
4723012000,35.986204,128.913591,면적중심,
4723012100,36.002211,128.915155,면적중심,
4723012200,36.021816,128.941937,면적중심,
4723012300,35.996563,128.934539,면적중심,
4723012400,35.955934,128.914903,면적중심,
4723012500,35.964556,128.906544,면적중심,
4723012600,35.929988,128.935181,면적중심,
4723012700,36.023803,128.917296,면적중심,
4723012800,35.991113,128.973754,내부점보정,
4723012900,36.003357,128.953005,면적중심,
4723013000,35.976924,128.890557,면적중심,
4723025000,35.9217,128.899376,면적중심,
4723031000,35.994786,128.814938,면적중심,
4723032000,36.054944,128.758798,면적중심,
4723033000,36.039562,128.855071,면적중심,
4723034000,36.13093,128.943612,면적중심,
4723035000,36.080968,128.896328,면적중심,
4723036000,36.101977,129.040497,면적중심,
4723037000,36.043117,129.034996,면적중심,
4723038000,35.983167,129.061681,면적중심,
4723039000,35.900612,129.003991,면적중심,
4723040000,35.864134,128.919141,면적중심,
4725010100,36.415243,128.163795,면적중심,
4725010200,36.411424,128.171159,면적중심,
4725010300,36.417702,128.164198,면적중심,
4725010400,36.422182,128.182004,면적중심,
4725010500,36.423044,128.164605,면적중심,
4725010600,36.417716,128.160933,면적중심,
4725010700,36.411993,128.15916,면적중심,
4725010800,36.417368,128.156185,면적중심,
4725010900,36.42135,128.152881,면적중심,
4725011000,36.410648,128.145682,면적중심,
4725011100,36.391504,128.132305,면적중심,
4725011200,36.398584,128.15804,면적중심,
4725011300,36.378382,128.139812,면적중심,
4725011400,36.355949,128.147197,면적중심,
4725011500,36.354627,128.165632,면적중심,
4725011600,36.371391,128.170004,면적중심,
4725011700,36.386334,128.166484,면적중심,
4725011800,36.376301,128.184142,면적중심,
4725011900,36.393335,128.179038,면적중심,
4725012000,36.40045,128.189386,면적중심,
4725012100,36.411804,128.184744,면적중심,
4725012200,36.414602,128.198707,면적중심,
4725012300,36.417522,128.2101,면적중심,
4725012400,36.431528,128.219622,면적중심,
4725012500,36.443318,128.248966,면적중심,
4725012600,36.447792,128.198588,면적중심,
4725012700,36.44758,128.185734,면적중심,
4725012800,36.456568,128.172893,면적중심,
4725012900,36.43455,128.178436,면적중심,
4725013000,36.427983,128.170476,면적중심,
4725013100,36.453128,128.153333,면적중심,
4725013200,36.444655,128.165941,면적중심,
4725013300,36.434371,128.15002,면적중심,
4725013400,36.433619,128.128065,면적중심,
4725013500,36.418116,128.114603,면적중심,
4725013600,36.464624,128.150946,면적중심,
4725025000,36.549601,128.197787,면적중심,
4725031000,36.430634,128.286336,면적중심,
4725032500,36.483233,128.221349,면적중심,
4725033000,36.363841,128.236973,면적중심,
4725034000,36.328555,128.13486,면적중심,
4725035000,36.288021,128.074572,면적중심,
4725036000,36.359203,128.082383,면적중심,
4725037000,36.413706,128.050224,면적중심,
4725038000,36.298734,127.967874,면적중심,
4725039000,36.334761,127.928489,면적중심,
4725040000,36.393679,127.956864,면적중심,
4725041000,36.453006,127.951036,면적중심,
4725042000,36.579858,127.883389,면적중심,
4725043000,36.482844,128.068073,면적중심,
4725044000,36.536964,128.047334,면적중심,
4725045000,36.517334,128.134232,면적중심,
4725046000,36.574382,128.121051,면적중심,
4725047000,36.451535,127.904474,면적중심,
4728010100,36.595488,128.199535,면적중심,
4728010200,36.581678,128.213024,면적중심,
4728010300,36.605196,128.207342,면적중심,
4728010400,36.620788,128.194761,면적중심,
4728010500,36.635793,128.193144,면적중심,
4728010600,36.635576,128.17018,면적중심,
4728010700,36.633054,128.132875,면적중심,
4728010800,36.619903,128.154552,면적중심,
4728010900,36.608693,128.172622,면적중심,
4728011000,36.590898,128.187301,면적중심,
4728011100,36.585188,128.2023,면적중심,
4728025000,36.769686,128.127585,면적중심,
4728025300,36.65993,128.010796,면적중심,
4728031000,36.565614,128.251345,면적중심,
4728032000,36.622613,128.25896,면적중심,
4728033000,36.665569,128.200922,면적중심,
4728034000,36.713845,128.253473,면적중심,
4728035000,36.78304,128.296401,면적중심,
4728036000,36.686159,128.116181,면적중심,
4728037000,36.582888,127.980185,면적중심,
4729010100,35.815193,128.73872,면적중심,
4729010200,35.818976,128.739475,면적중심,
4729010300,35.817441,128.735109,면적중심,
4729010400,35.813058,128.739881,면적중심,
4729010500,35.813705,128.743443,면적중심,
4729010600,35.798991,128.743806,면적중심,
4729010700,35.808077,128.728804,면적중심,
4729010800,35.815959,128.722682,면적중심,
4729010900,35.822755,128.719288,면적중심,
4729011000,35.830238,128.719451,면적중심,
4729011100,35.83511,128.728222,면적중심,
4729011200,35.840019,128.732213,면적중심,
4729011300,35.848473,128.732793,면적중심,
4729011400,35.842993,128.744971,면적중심,
4729011500,35.834951,128.751767,면적중심,
4729011600,35.825599,128.747373,면적중심,
4729011700,35.827868,128.736861,면적중심,
4729011800,35.841582,128.755006,면적중심,
4729011900,35.809819,128.792558,면적중심,
4729012000,35.804465,128.788865,면적중심,
4729012100,35.793031,128.788069,면적중심,
4729012200,35.790666,128.778262,면적중심,
4729012300,35.812992,128.781329,면적중심,
4729012400,35.793481,128.769737,면적중심,
4729012500,35.800719,128.762494,면적중심,
4729012600,35.809672,128.755262,면적중심,
4729012700,35.824069,128.756815,면적중심,
4729012800,35.825922,128.770077,면적중심,
4729025000,35.913677,128.787396,면적중심,
4729025300,35.870633,128.834814,면적중심,
4729025600,35.845026,128.778912,면적중심,
4729031000,35.956799,128.797181,면적중심,
4729033000,35.82208,128.824336,면적중심,
4729034000,35.799986,128.901273,면적중심,
4729035000,35.771527,128.822394,면적중심,
4729037000,35.755736,128.738026,면적중심,
4773025000,36.348985,128.69989,면적중심,
4773031000,36.427782,128.698397,면적중심,
4773032000,36.411709,128.767348,면적중심,
4773033000,36.362645,128.832103,면적중심,
4773034000,36.298086,128.795097,면적중심,
4773035000,36.240585,128.81777,면적중심,
4773036000,36.220823,128.747819,면적중심,
4773037000,36.259725,128.684954,면적중심,
4773038000,36.304696,128.60976,면적중심,
4773039000,36.338266,128.516569,면적중심,
4773040000,36.332211,128.422686,면적중심,
4773041000,36.364855,128.354048,면적중심,
4773042000,36.395481,128.396776,면적중심,
4773043000,36.393808,128.461712,면적중심,
4773044000,36.459847,128.370188,면적중심,
4773045000,36.470122,128.512836,면적중심,
4773046000,36.386315,128.585677,면적중심,
4773047000,36.457055,128.455425,면적중심,
4775025000,36.42302,129.098385,면적중심,
4775031500,36.362216,129.165463,면적중심,
4775032000,36.295867,129.131404,면적중심,
4775033000,36.255503,129.029787,면적중심,
4775034000,36.228249,128.928961,면적중심,
4775035000,36.319131,128.984845,면적중심,
4775036000,36.453035,129.027917,면적중심,
4775037000,36.524336,129.062326,면적중심,
4776025000,36.652515,129.17185,면적중심,
4776031000,36.599456,129.059589,면적중심,
4776032000,36.716091,129.041976,면적중심,
4776033000,36.760788,129.126846,면적중심,
4776034000,36.787308,129.221969,면적중심,
4776035000,36.555316,129.172436,면적중심,
4777025000,36.437057,129.381437,면적중심,
4777031000,36.381671,129.367814,면적중심,
4777032000,36.313705,129.335729,면적중심,
4777033000,36.374271,129.272498,면적중심,
4777034000,36.458844,129.247738,면적중심,
4777035000,36.495394,129.382293,면적중심,
4777036000,36.530964,129.334938,면적중심,
4777037000,36.608112,129.385271,면적중심,
4777038000,36.602677,129.296276,면적중심,
4782025000,35.666042,128.716283,면적중심,
4782025300,35.628058,128.756554,면적중심,
4782031000,35.617173,128.655888,면적중심,
4782032000,35.63786,128.577592,면적중심,
4782033000,35.698904,128.581906,면적중심,
4782034000,35.688934,128.662148,면적중심,
4782035000,35.711165,128.975294,면적중심,
4782036000,35.702443,128.897567,면적중심,
4782037000,35.664354,128.830294,면적중심,
4783025300,35.729184,128.256826,면적중심,
4783031000,35.782552,128.203872,면적중심,
4783032000,35.783223,128.296375,면적중심,
4783033000,35.75638,128.356445,면적중심,
4783034000,35.821461,128.418777,면적중심,
4783035000,35.715906,128.364637,면적중심,
4783036000,35.660911,128.34728,면적중심,
4783037000,35.68015,128.231817,면적중심,
4784025000,35.917983,128.280558,면적중심,
4784031000,35.903722,128.350912,면적중심,
4784032000,35.845286,128.314832,면적중심,
4784033000,35.828055,128.202419,면적중심,
4784034000,35.866512,128.128037,면적중심,
4784035000,35.924267,128.124137,면적중심,
4784036000,35.902317,128.215755,면적중심,
4784037000,35.973858,128.198372,면적중심,
4784038000,36.007145,128.248163,면적중심,
4784039000,35.975227,128.306877,면적중심,
4785025000,35.97731,128.424068,면적중심,
4785025300,36.060216,128.330928,면적중심,
4785025600,36.051573,128.434001,면적중심,
4785031000,35.961624,128.487374,면적중심,
4785032000,36.009483,128.563138,면적중심,
4785033000,36.070124,128.542857,면적중심,
4785036000,36.028065,128.365123,면적중심,
4785037000,35.98274,128.356815,면적중심,
4790025000,36.656661,128.453458,면적중심,
4790031000,36.706363,128.394415,면적중심,
4790034000,36.732823,128.516297,면적중심,
4790035000,36.677232,128.552091,면적중심,
4790036000,36.606748,128.475284,면적중심,
4790037000,36.653021,128.365986,면적중심,
4790038000,36.605382,128.304728,면적중심,
4790039000,36.609527,128.368737,면적중심,
4790040000,36.553258,128.389796,면적중심,
4790041000,36.513183,128.303411,면적중심,
4790042000,36.79382,128.422214,면적중심,
4790043000,36.745114,128.442273,면적중심,
4792025000,36.889988,128.707318,면적중심,
4792031000,36.973267,128.733353,면적중심,
4792032000,36.917616,128.809327,면적중심,
4792033000,36.909876,128.918235,면적중심,
4792034000,37.003622,128.853388,면적중심,
4792035000,36.947314,129.026653,면적중심,
4792036000,36.821807,129.000578,면적중심,
4792037000,36.839218,128.888158,면적중심,
4792038000,36.83478,128.774989,면적중심,
4792039000,37.050682,129.056841,면적중심,
4793025000,37.001049,129.346047,면적중심,
4793025300,36.729847,129.436783,면적중심,
4793031000,37.074276,129.308274,면적중심,
4793033000,36.945962,129.360127,면적중심,
4793035000,36.804671,129.407709,면적중심,
4793036000,36.717494,129.342678,면적중심,
4793037000,37.053839,129.394497,면적중심,
4793038000,36.679467,129.42735,면적중심,
4793039000,36.946503,129.20763,면적중심,
4793040000,36.863111,129.352336,면적중심,
4794025000,37.492053,130.899875,면적중심,
4794031000,37.490223,130.833449,면적중심,
4794032000,37.524309,130.867127,면적중심,
4812110100,35.266245,128.621476,면적중심,
4812110200,35.255855,128.625893,면적중심,
4812110300,35.260181,128.619862,면적중심,
4812110400,35.268449,128.624701,면적중심,
4812110500,35.260737,128.643337,면적중심,
4812110600,35.267943,128.609023,면적중심,
4812110700,35.264232,128.595468,면적중심,
4812110800,35.241555,128.707984,면적중심,
4812111200,35.230823,128.641715,내부점보정,
4812111300,35.250199,128.658235,면적중심,
4812111400,35.252371,128.654519,면적중심,
4812111600,35.256015,128.671093,면적중심,
4812111700,35.252399,128.692234,면적중심,
4812111800,35.253388,128.647867,면적중심,
4812111900,35.241063,128.616285,면적중심,
4812112000,35.242726,128.63595,면적중심,
4812112100,35.232093,128.632188,면적중심,
4812112200,35.22562,128.622363,면적중심,
4812112400,35.246695,128.645051,면적중심,
4812112500,35.241943,128.687722,면적중심,
4812112700,35.246819,128.662707,면적중심,
4812112900,35.245144,128.622464,면적중심,
4812125000,35.308345,128.669604,면적중심,
4812131000,35.330621,128.605974,면적중심,
4812132000,35.342762,128.710553,면적중심,
4812310100,35.231468,128.713147,면적중심,
4812310200,35.22101,128.711678,면적중심,
4812310300,35.208491,128.686582,면적중심,
4812310400,35.212344,128.674949,면적중심,
4812310500,35.21019,128.715236,면적중심,
4812310600,35.199932,128.699237,면적중심,
4812310700,35.200165,128.718004,면적중심,
4812310800,35.173552,128.716511,면적중심,
4812310900,35.190491,128.735316,면적중심,
4812311000,35.179286,128.68674,면적중심,
4812311100,35.220618,128.663031,면적중심,
4812311200,35.186552,128.676288,면적중심,
4812311300,35.19015,128.662549,면적중심,
4812311400,35.19461,128.653194,면적중심,
4812311500,35.197325,128.646581,면적중심,
4812311600,35.209186,128.644009,면적중심,
4812311700,35.200243,128.610299,면적중심,
4812311800,35.19413,128.63449,면적중심,
4812311900,35.240083,128.672344,면적중심,
4812312000,35.164502,128.615387,면적중심,
4812312100,35.178379,128.612275,면적중심,
4812312200,35.190063,128.61057,면적중심,
4812312300,35.208491,128.63889,내부점보정,
4812312400,35.241826,128.662002,면적중심,
4812312500,35.226574,128.67754,내부점보정,
4812312600,35.237261,128.67113,면적중심,
4812312700,35.218468,128.684543,면적중심,
4812312800,35.192998,128.704669,면적중심,
4812312900,35.211239,128.65612,면적중심,
4812313000,35.223574,128.69923,면적중심,
4812313100,35.206826,128.696405,면적중심,
4812313200,35.201999,128.673134,면적중심,
4812313300,35.210209,128.702448,면적중심,
4812313400,35.232636,128.681495,면적중심,
4812313500,35.234248,128.685503,내부점보정,
4812313600,35.227949,128.690449,면적중심,
4812313700,35.228064,128.647169,면적중심,
4812313800,35.234686,128.658033,면적중심,
4812313900,35.228267,128.654075,내부점보정,
4812314000,35.231111,128.646881,면적중심,
4812314100,35.242121,128.675887,면적중심,
4812510100,35.162081,128.574409,면적중심,
4812510200,35.210284,128.552435,면적중심,
4812510300,35.214381,128.56877,면적중심,
4812510400,35.202951,128.576891,면적중심,
4812510500,35.182917,128.55726,면적중심,
4812510600,35.192222,128.561186,면적중심,
4812510700,35.193761,128.562424,면적중심,
4812510800,35.184603,128.55847,면적중심,
4812510900,35.186192,128.554613,면적중심,
4812511000,35.141573,128.578996,면적중심,
4812511100,35.204667,128.578306,면적중심,
4812511200,35.18785,128.561195,면적중심,
4812511300,35.186599,128.560451,면적중심,
4812511400,35.185418,128.559943,면적중심,
4812511500,35.187939,128.556861,면적중심,
4812511600,35.189984,128.560437,면적중심,
4812511700,35.205507,128.572601,면적중심,
4812511800,35.215209,128.583198,면적중심,
4812511900,35.212752,128.574566,면적중심,
4812512000,35.202918,128.570538,면적중심,
4812512100,35.209568,128.56986,면적중심,
4812512200,35.204109,128.574151,면적중심,
4812512300,35.192567,128.557283,면적중심,
4812512400,35.187455,128.559832,면적중심,
4812512500,35.197153,128.572323,면적중심,
4812512600,35.201195,128.573153,면적중심,
4812512700,35.194258,128.564744,면적중심,
4812512800,35.198174,128.549213,면적중심,
4812512900,35.186506,128.563601,면적중심,
4812513000,35.186062,128.562024,면적중심,
4812513100,35.184792,128.560561,면적중심,
4812513200,35.18256,128.559388,면적중심,
4812513300,35.180982,128.55908,면적중심,
4812513400,35.180106,128.554442,면적중심,
4812513500,35.190858,128.566251,면적중심,
4812513600,35.173974,128.539449,면적중심,
4812513700,35.205956,128.580543,면적중심,
4812513800,35.157086,128.550742,면적중심,
4812513900,35.185117,128.55597,면적중심,
4812514000,35.204603,128.560624,면적중심,
4812514100,35.191311,128.562135,면적중심,
4812514200,35.193371,128.563367,면적중심,
4812514300,35.195752,128.564294,면적중심,
4812514400,35.198207,128.565164,면적중심,
4812514500,35.200573,128.566182,면적중심,
4812514600,35.208531,128.574665,면적중심,
4812514700,35.190004,128.562756,면적중심,
4812514800,35.194541,128.566821,면적중심,
4812514900,35.198472,128.568041,면적중심,
4812515000,35.206423,128.574408,면적중심,
4812515100,35.184708,128.562242,면적중심,
4812515200,35.183632,128.561484,면적중심,
4812515300,35.182,128.560765,면적중심,
4812515400,35.184854,128.557467,면적중심,
4812515500,35.206554,128.570593,면적중심,
4812515600,35.187343,128.558675,면적중심,
4812515700,35.184433,128.554488,면적중심,
4812515800,35.179873,128.563191,면적중심,
4812515900,35.143497,128.550711,면적중심,
4812516000,35.184231,128.559139,면적중심,
4812531000,35.096328,128.577407,면적중심,
4812532000,35.134079,128.508596,면적중심,
4812533000,35.1494,128.459981,면적중심,
4812534000,35.131266,128.402839,면적중심,
4812710100,35.255344,128.590716,면적중심,
4812710200,35.234874,128.542891,면적중심,
4812710300,35.224665,128.606113,면적중심,
4812710400,35.230512,128.57106,면적중심,
4812710500,35.225485,128.586902,면적중심,
4812710600,35.247743,128.57935,면적중심,
4812710700,35.235673,128.55909,면적중심,
4812710800,35.219806,128.557006,면적중심,
4812725000,35.23046,128.513331,면적중심,
4812910100,35.154455,128.652933,면적중심,
4812910200,35.153026,128.653078,면적중심,
4812910300,35.149635,128.654526,면적중심,
4812910400,35.145863,128.656825,면적중심,
4812910500,35.157997,128.642976,면적중심,
4812910600,35.147656,128.619001,면적중심,
4812910700,35.14549,128.664972,면적중심,
4812910800,35.145186,128.662951,면적중심,
4812910900,35.144446,128.665787,면적중심,
4812911000,35.143203,128.657997,면적중심,
4812911100,35.144936,128.659551,면적중심,
4812911200,35.144374,128.659083,면적중심,
4812911300,35.143978,128.658582,면적중심,
4812911400,35.140164,128.661008,면적중심,
4812911500,35.147973,128.670553,면적중심,
4812911600,35.142629,128.670339,면적중심,
4812911700,35.140861,128.666114,면적중심,
4812911800,35.128596,128.669882,내부점보정,
4812911900,35.151054,128.656204,면적중심,
4812912000,35.150359,128.656969,면적중심,
4812912100,35.149744,128.657527,면적중심,
4812912200,35.149569,128.65819,면적중심,
4812912300,35.149457,128.658949,면적중심,
4812912400,35.148299,128.659394,면적중심,
4812912500,35.149233,128.660554,면적중심,
4812912600,35.149188,128.66143,면적중심,
4812912700,35.147009,128.662191,면적중심,
4812912800,35.147431,128.659731,면적중심,
4812912900,35.146786,128.660585,면적중심,
4812913000,35.147992,128.656812,면적중심,
4812913100,35.151758,128.661484,면적중심,
4812913200,35.151132,128.661764,면적중심,
4812913300,35.150622,128.661315,면적중심,
4812913400,35.150099,128.659781,면적중심,
4812913500,35.151959,128.66648,면적중심,
4812913600,35.149737,128.667372,면적중심,
4812913700,35.157281,128.663293,면적중심,
4812913800,35.16982,128.666096,면적중심,
4812913900,35.160047,128.683881,면적중심,
4812914000,35.160637,128.701502,면적중심,
4812914100,35.151439,128.695961,면적중심,
4812914200,35.150408,128.720686,면적중심,
4812914300,35.14316,128.6959,면적중심,
4812914400,35.136357,128.711648,면적중심,
4812914500,35.128273,128.712383,면적중심,
4812914600,35.113454,128.70114,면적중심,
4812914700,35.127799,128.741247,면적중심,
4812914800,35.1147,128.758239,면적중심,
4812914900,35.111781,128.737575,면적중심,
4812915000,35.09803,128.76178,내부점보정,
4812915100,35.096784,128.746229,면적중심,
4812915200,35.082503,128.752831,면적중심,
4812915300,35.069254,128.765892,면적중심,
4812915400,35.095063,128.731202,내부점보정,
4812915500,35.112601,128.724533,면적중심,
4812915600,35.110592,128.710299,면적중심,
4812915700,35.114304,128.777722,면적중심,
4812915800,35.138761,128.791601,면적중심,
4812915900,35.141792,128.758535,면적중심,
4812916000,35.152483,128.77393,면적중심,
4812916100,35.123968,128.805744,면적중심,
4812916200,35.10419,128.798593,면적중심,
4812916300,35.089788,128.79653,면적중심,
4812916400,35.097181,128.814107,면적중심,
4812916500,35.116458,128.831347,면적중심,
4817010100,35.180939,128.080837,면적중심,
4817010200,35.170155,128.085328,면적중심,
4817010300,35.183536,128.087451,면적중심,
4817010400,35.1829,128.093382,면적중심,
4817010500,35.190521,128.08206,면적중심,
4817010600,35.191801,128.085175,면적중심,
4817010700,35.188744,128.077261,면적중심,
4817010800,35.191334,128.074027,면적중심,
4817010900,35.194555,128.084102,면적중심,
4817011000,35.197229,128.082856,면적중심,
4817011100,35.193598,128.080869,면적중심,
4817011200,35.196674,128.080802,면적중심,
4817011300,35.194603,128.074577,면적중심,
4817011400,35.203463,128.072727,면적중심,
4817011500,35.201219,128.084822,면적중심,
4817011600,35.19754,128.085682,면적중심,
4817011700,35.193123,128.088004,면적중심,
4817011800,35.195213,128.093925,면적중심,
4817011900,35.183364,128.11175,면적중심,
4817012000,35.191673,128.116395,면적중심,
4817012100,35.173233,128.11465,면적중심,
4817012200,35.205377,128.116536,면적중심,
4817012300,35.21351,128.100566,내부점보정,
4817012400,35.217392,128.082264,면적중심,
4817012500,35.181581,128.066757,면적중심,
4817012600,35.169639,128.053157,면적중심,
4817012700,35.196192,128.052218,면적중심,
4817012800,35.203051,128.059467,면적중심,
4817012900,35.187523,128.03565,면적중심,
4817013000,35.170919,128.014954,면적중심,
4817013100,35.154538,128.108247,면적중심,
4817013200,35.162202,128.121798,면적중심,
4817013700,35.175249,128.141595,면적중심,
4817025000,35.1573,128.181144,면적중심,
4817031000,35.143658,128.040924,면적중심,
4817032000,35.127303,128.113762,면적중심,
4817033000,35.104267,128.188083,면적중심,
4817035000,35.174869,128.230113,면적중심,
4817036000,35.156499,128.284908,면적중심,
4817037000,35.164987,128.334652,면적중심,
4817038000,35.199569,128.278204,면적중심,
4817039000,35.235648,128.263537,면적중심,
4817040000,35.263114,128.176029,면적중심,
4817041000,35.209493,128.15825,면적중심,
4817042000,35.253308,128.087045,면적중심,
4817043000,35.307389,128.111757,면적중심,
4817044000,35.254856,128.021057,면적중심,
4817045000,35.200328,127.979522,면적중심,
4817046000,35.203263,127.929947,면적중심,
4822010100,34.842339,128.410177,면적중심,
4822010200,34.842182,128.419207,면적중심,
4822010300,34.851754,128.413005,면적중심,
4822010400,34.841642,128.422855,면적중심,
4822010500,34.844854,128.422865,면적중심,
4822010600,34.8483,128.421476,면적중심,
4822010700,34.847807,128.425656,면적중심,
4822010800,34.841557,128.430577,면적중심,
4822010900,34.847962,128.437194,면적중심,
4822011000,34.854537,128.423898,면적중심,
4822011100,34.860746,128.428588,면적중심,
4822011200,34.854411,128.393259,면적중심,
4822011300,34.841916,128.390543,면적중심,
4822011400,34.83542,128.405995,면적중심,
4822011500,34.824367,128.402064,면적중심,
4822011600,34.822314,128.414988,면적중심,
4822011700,34.825179,128.427129,면적중심,
4822025000,34.794824,128.392985,면적중심,
4822031000,34.886671,128.451915,면적중심,
4822033000,34.906325,128.355619,면적중심,
4822034000,34.922115,128.407945,면적중심,
4822035000,34.647733,128.241545,내부점보정,
4822036000,34.754728,128.545415,내부점보정,
4822037000,34.830447,128.211972,면적중심,
4824010100,34.938534,128.067567,면적중심,
4824010200,34.931572,128.065862,면적중심,
4824010300,34.933238,128.073487,면적중심,
4824010400,34.931215,128.080865,면적중심,
4824010500,34.924622,128.075262,면적중심,
4824010600,34.946913,128.072849,면적중심,
4824010700,34.956527,128.08173,면적중심,
4824010800,34.939597,128.083392,면적중심,
4824010900,34.951165,128.088703,면적중심,
4824011000,34.969749,128.106348,면적중심,
4824011100,34.943966,128.102607,면적중심,
4824011200,34.950891,128.109776,면적중심,
4824011300,34.960637,128.123958,면적중심,
4824011400,34.940489,128.117916,면적중심,
4824011500,34.926623,128.109906,면적중심,
4824011600,34.932038,128.096912,면적중심,
4824011700,34.93562,128.056697,면적중심,
4824011800,34.948985,128.049772,면적중심,
4824011900,34.937767,128.030136,면적중심,
4824012000,34.924133,128.03743,면적중심,
4824012100,34.899084,128.075459,면적중심,
4824012200,34.993754,128.095755,면적중심,
4824012300,34.985165,128.07241,면적중심,
4824012400,34.985396,128.05417,면적중심,
4824012500,34.990071,128.046801,면적중심,
4824012600,34.964883,128.052806,면적중심,
4824012700,34.970365,128.078441,면적중심,
4824025000,35.092146,128.118693,면적중심,
4824031000,35.051184,128.136083,면적중심,
4824032000,35.027222,128.106426,면적중심,
4824033000,35.019804,128.068336,면적중심,
4824034000,35.106292,128.059271,면적중심,
4824035000,35.072622,127.984841,면적중심,
4824036000,35.120635,127.945895,면적중심,
4824037000,35.011672,127.96725,면적중심,
4825010100,35.241702,128.887466,면적중심,
4825010200,35.2344,128.880013,면적중심,
4825010300,35.223832,128.888868,면적중심,
4825010400,35.228798,128.876932,면적중심,
4825010500,35.240216,128.878535,면적중심,
4825010600,35.251209,128.872499,면적중심,
4825010700,35.271509,128.868157,면적중심,
4825010800,35.242479,128.863185,면적중심,
4825010900,35.231837,128.858884,면적중심,
4825011000,35.217696,128.860086,면적중심,
4825011100,35.214935,128.846252,면적중심,
4825011200,35.200833,128.836014,면적중심,
4825011300,35.188548,128.844216,면적중심,
4825011400,35.192538,128.862352,면적중심,
4825011500,35.21276,128.870829,면적중심,
4825011600,35.21688,128.881133,면적중심,
4825011700,35.225829,128.898914,면적중심,
4825011800,35.240445,128.901104,면적중심,
4825011900,35.259333,128.906912,면적중심,
4825012000,35.235518,128.91835,면적중심,
4825012100,35.231852,128.923354,면적중심,
4825012200,35.221994,128.923057,면적중심,
4825012300,35.21534,128.814255,면적중심,
4825012400,35.206425,128.82324,면적중심,
4825012500,35.212087,128.795803,면적중심,
4825012600,35.200057,128.815253,면적중심,
4825012700,35.18858,128.823618,면적중심,
4825012800,35.200143,128.786856,면적중심,
4825012900,35.185521,128.768399,면적중심,
4825013000,35.171905,128.790947,면적중심,
4825013100,35.167373,128.808971,면적중심,
4825013200,35.164868,128.8309,면적중심,
4825013300,35.174858,128.844729,면적중심,
4825013400,35.168658,128.86745,면적중심,
4825025000,35.294567,128.739416,면적중심,
4825032000,35.243084,128.822107,면적중심,
4825033000,35.242729,128.758358,면적중심,
4825034000,35.312606,128.80798,면적중심,
4825035000,35.343187,128.85143,면적중심,
4825036000,35.317857,128.918443,면적중심,
4825037000,35.260126,128.968138,면적중심,
4827010100,35.494487,128.755502,면적중심,
4827010200,35.499169,128.741292,면적중심,
4827010300,35.508137,128.763238,면적중심,
4827010400,35.48388,128.752008,면적중심,
4827010500,35.467061,128.788345,면적중심,
4827010600,35.49237,128.77086,면적중심,
4827010700,35.481986,128.806722,면적중심,
4827010800,35.476741,128.779289,면적중심,
4827025000,35.426125,128.841256,면적중심,
4827025300,35.379462,128.740495,면적중심,
4827031000,35.522301,128.714985,면적중심,
4827032000,35.557338,128.785189,면적중심,
4827033000,35.522677,128.820621,면적중심,
4827034000,35.591855,128.924777,면적중심,
4827035000,35.505482,128.910681,면적중심,
4827036000,35.421027,128.763996,면적중심,
4827037000,35.418113,128.683894,면적중심,
4827038000,35.486,128.642845,면적중심,
4827039000,35.559074,128.632417,면적중심,
4831010100,34.880343,128.736208,면적중심,
4831010200,34.861267,128.721698,내부점보정,
4831010300,34.878227,128.722825,면적중심,
4831010400,34.864449,128.706132,면적중심,
4831010500,34.868665,128.683203,면적중심,
4831010600,34.895071,128.691776,면적중심,
4831010700,34.914545,128.701189,면적중심,
4831010800,34.892807,128.598946,면적중심,
4831010900,34.883853,128.622888,면적중심,
4831011000,34.865762,128.629994,면적중심,
4831011100,34.858083,128.65538,면적중심,
4831011200,34.838818,128.654118,면적중심,
4831011300,34.878064,128.648169,면적중심,
4831011400,34.889195,128.660958,면적중심,
4831031000,34.820968,128.69471,면적중심,
4831032000,34.797869,128.614389,면적중심,
4831033000,34.738155,128.614133,면적중심,
4831034000,34.850258,128.605545,내부점보정,
4831035000,34.857072,128.513122,면적중심,
4831036000,34.904852,128.529424,면적중심,
4831037000,34.927113,128.652358,면적중심,
4831038000,34.967485,128.660199,내부점보정,
4831039000,34.98235,128.695431,면적중심,
4833010100,35.332819,129.047054,면적중심,
4833010200,35.333776,129.032368,면적중심,
4833010300,35.339487,129.03366,면적중심,
4833010400,35.346185,129.042571,면적중심,
4833010500,35.344375,129.077573,면적중심,
4833010600,35.350967,129.052963,면적중심,
4833010700,35.362195,129.049455,면적중심,
4833010800,35.373071,129.059034,면적중심,
4833010900,35.368959,129.080115,면적중심,
4833011000,35.351877,129.017445,면적중심,
4833011100,35.366299,129.029108,면적중심,
4833011200,35.395295,129.00586,면적중심,
4833011300,35.420703,129.19389,면적중심,
4833011400,35.40762,129.186618,면적중심,
4833011500,35.395043,129.176685,면적중심,
4833011600,35.427948,129.149986,면적중심,
4833011700,35.410128,129.144599,면적중심,
4833011800,35.395248,129.139898,면적중심,
4833011900,35.383072,129.127945,면적중심,
4833012000,35.372989,129.158032,면적중심,
4833012100,35.368968,129.181102,면적중심,
4833025300,35.315526,129.00045,면적중심,
4833031000,35.320811,129.072235,면적중심,
4833032000,35.420165,128.961248,면적중심,
4833033000,35.424641,129.04465,면적중심,
4833034000,35.462116,129.084768,면적중심,
4872025000,35.303489,128.263085,면적중심,
4872031000,35.35557,128.227141,면적중심,
4872032000,35.349749,128.184873,면적중심,
4872033000,35.367787,128.143033,면적중심,
4872034000,35.284366,128.216449,면적중심,
4872035000,35.357104,128.278984,면적중심,
4872036000,35.376683,128.335011,면적중심,
4872037000,35.392307,128.389374,면적중심,
4872038000,35.484532,128.389906,면적중심,
4872039000,35.477665,128.331968,면적중심,
4872040000,35.47651,128.26638,면적중심,
4872041500,35.433105,128.231507,면적중심,
4872042000,35.422788,128.296109,면적중심,
4873025000,35.273475,128.395242,면적중심,
4873025300,35.294904,128.527964,면적중심,
4873031000,35.230368,128.424377,면적중심,
4873032000,35.258057,128.333386,면적중심,
4873033000,35.326993,128.350973,면적중심,
4873034000,35.347836,128.436319,면적중심,
4873035000,35.350707,128.495502,면적중심,
4873036000,35.354954,128.539162,면적중심,
4873038000,35.27649,128.4536,면적중심,
4873039000,35.194989,128.444861,면적중심,
4874025000,35.524182,128.519723,면적중심,
4874025300,35.428876,128.432892,면적중심,
4874031000,35.570755,128.535238,면적중심,
4874032000,35.623365,128.520617,면적중심,
4874033000,35.594949,128.445479,면적중심,
4874034000,35.568734,128.382555,면적중심,
4874035000,35.517669,128.421079,면적중심,
4874036000,35.542502,128.458972,면적중심,
4874037000,35.476532,128.51472,면적중심,
4874038000,35.447704,128.525407,면적중심,
4874039000,35.468473,128.470063,면적중심,
4874040000,35.424165,128.533653,면적중심,
4874041000,35.402984,128.566012,면적중심,
4874042000,35.416534,128.61712,면적중심,
4882025000,34.977321,128.315561,면적중심,
4882031000,34.94512,128.271596,면적중심,
4882032000,34.936776,128.1916,면적중심,
4882033000,34.938651,128.143102,면적중심,
4882034000,34.997196,128.200011,면적중심,
4882035000,35.027421,128.276689,면적중심,
4882036000,35.047725,128.218909,면적중심,
4882037000,35.103686,128.230737,면적중심,
4882038000,35.096764,128.286377,면적중심,
4882039000,35.093093,128.338092,면적중심,
4882040000,35.075061,128.38723,면적중심,
4882041000,35.04546,128.334343,면적중심,
4882042000,35.024613,128.444317,면적중심,
4882043000,34.984399,128.382526,면적중심,
4884025000,34.831619,127.890773,면적중심,
4884031000,34.788154,127.953244,면적중심,
4884032000,34.733272,127.979533,면적중심,
4884033000,34.795215,128.019821,면적중심,
4884034000,34.730672,128.023106,내부점보정,
4884035000,34.762889,127.878668,면적중심,
4884036000,34.838239,127.842848,면적중심,
4884037000,34.889223,127.872552,면적중심,
4884038000,34.91863,127.89953,면적중심,
4884039000,34.868956,127.986051,내부점보정,
4885025000,35.085899,127.737567,면적중심,
4885031000,35.253923,127.647651,면적중심,
4885032000,35.171091,127.710172,면적중심,
4885033000,35.105447,127.766051,면적중심,
4885034000,35.12076,127.815822,면적중심,
4885035000,35.027244,127.815407,면적중심,
4885036000,34.97847,127.854874,면적중심,
4885037000,35.033824,127.893685,면적중심,
4885038000,35.069134,127.846626,면적중심,
4885039000,35.119919,127.871028,면적중심,
4885040000,35.196341,127.7574,면적중심,
4885041000,35.19426,127.861346,면적중심,
4885042000,34.96541,127.796476,면적중심,
4886025000,35.407448,127.900467,면적중심,
4886031000,35.471977,127.944409,면적중심,
4886032000,35.491073,127.892216,면적중심,
4886033000,35.509215,127.848059,면적중심,
4886034000,35.419269,127.813158,면적중심,
4886035000,35.339632,127.808447,면적중심,
4886036000,35.276705,127.776752,면적중심,
4886037000,35.294623,127.916063,면적중심,
4886038000,35.34286,127.978673,면적중심,
4886039000,35.350544,128.055929,면적중심,
4886040000,35.406291,128.001851,면적중심,
4887025000,35.499962,127.703571,면적중심,
4887031000,35.374023,127.679575,면적중심,
4887032000,35.4454,127.73471,면적중심,
4887033000,35.485623,127.783004,면적중심,
4887034000,35.558248,127.811327,면적중심,
4887035000,35.578049,127.760065,면적중심,
4887036000,35.656539,127.803951,면적중심,
4887037000,35.632033,127.717451,면적중심,
4887038000,35.693424,127.679387,면적중심,
4887039000,35.567612,127.633625,면적중심,
4887040000,35.556287,127.688281,면적중심,
4888025000,35.697624,127.909215,면적중심,
4888031000,35.766323,127.915381,면적중심,
4888032000,35.832271,127.924347,면적중심,
4888033000,35.848673,127.862615,면적중심,
4888034000,35.789629,127.76692,면적중심,
4888035000,35.748204,127.823784,면적중심,
4888036000,35.699802,127.847048,면적중심,
4888037000,35.620486,127.917072,면적중심,
4888038000,35.673805,127.974091,면적중심,
4888039000,35.565194,127.927958,면적중심,
4888040000,35.705328,128.029193,면적중심,
4888041000,35.794286,128.007886,면적중심,
4889025000,35.607752,128.139493,면적중심,
4889031000,35.609523,128.03572,면적중심,
4889032000,35.661958,128.110702,면적중심,
4889033000,35.760008,128.098684,면적중심,
4889034000,35.717117,128.169253,면적중심,
4889035000,35.595016,128.20811,면적중심,
4889036000,35.540614,128.246159,면적중심,
4889037000,35.608957,128.269638,면적중심,
4889038000,35.63159,128.324242,면적중심,
4889039000,35.559566,128.33073,면적중심,
4889040000,35.539709,128.285379,면적중심,
4889041000,35.51108,128.187109,면적중심,
4889042000,35.454824,128.154624,면적중심,
4889043000,35.413382,128.111922,면적중심,
4889044000,35.45975,128.032146,면적중심,
4889045000,35.527265,128.009373,면적중심,
4889046000,35.539498,128.100034,면적중심,
5011010100,33.513009,126.527406,면적중심,
5011010200,33.50649,126.541015,면적중심,
5011010300,33.505451,126.527524,면적중심,
5011010400,33.495315,126.539444,면적중심,
5011010500,33.502769,126.519476,면적중심,
5011010600,33.512663,126.521217,면적중심,
5011010700,33.515228,126.542656,면적중심,
5011010800,33.508592,126.514778,면적중심,
5011010900,33.506703,126.500576,면적중심,
5011011000,33.51578,126.495685,면적중심,
5011011100,33.519017,126.564769,면적중심,
5011011200,33.502292,126.563903,면적중심,
5011011300,33.523314,126.598562,면적중심,
5011011400,33.52099,126.584132,면적중심,
5011011500,33.524551,126.576698,면적중심,
5011011600,33.446357,126.611422,면적중심,
5011011700,33.428793,126.558091,면적중심,
5011011800,33.477271,126.553217,면적중심,
5011011900,33.495377,126.516636,면적중심,
5011012000,33.427897,126.518752,면적중심,
5011012100,33.494518,126.505039,면적중심,
5011012200,33.448469,126.485099,면적중심,
5011012300,33.4827,126.430228,면적중심,
5011012400,33.493304,126.428792,면적중심,
5011012500,33.498604,126.45649,면적중심,
5011012600,33.491733,126.460161,면적중심,
5011012700,33.501114,126.471558,면적중심,
5011012800,33.502995,126.484426,면적중심,
5011012900,33.486896,126.525014,면적중심,
5011013000,33.505394,126.586928,면적중심,
5011013100,33.512318,126.596901,면적중심,
5011013200,33.449275,126.595608,면적중심,
5011013300,33.478617,126.630185,내부점보정,
5011013400,33.427382,126.539462,면적중심,
5011013500,33.434723,126.588452,내부점보정,
5011013600,33.449524,126.574328,면적중심,
5011013700,33.45756,126.495193,면적중심,
5011013800,33.477814,126.451831,면적중심,
5011013900,33.424264,126.47148,면적중심,
5011014000,33.490905,126.442886,면적중심,
5011025000,33.376344,126.284746,면적중심,
5011025300,33.411037,126.393977,면적중심,
5011025600,33.49807,126.795448,면적중심,
5011025900,33.472171,126.667464,면적중심,
5011031000,33.322498,126.223173,면적중심,
5011032000,33.954692,126.336999,내부점보정,
5011033000,33.505422,126.955483,면적중심,
5013010100,33.244886,126.563833,면적중심,
5013010200,33.242041,126.512561,면적중심,
5013010300,33.285722,126.518168,면적중심,
5013010400,33.266517,126.532331,면적중심,
5013010500,33.295454,126.55191,면적중심,
5013010600,33.287044,126.540941,면적중심,
5013010700,33.321153,126.571685,면적중심,
5013010800,33.254391,126.617065,면적중심,
5013010900,33.265155,126.608616,면적중심,
5013011000,33.245662,126.600105,면적중심,
5013011100,33.287485,126.573145,면적중심,
5013011200,33.306456,126.442637,면적중심,
5013011300,33.273078,126.444326,면적중심,
5013011400,33.273295,126.448625,면적중심,
5013011500,33.244354,126.46377,면적중심,
5013011600,33.252364,126.491134,면적중심,
5013011700,33.298505,126.482438,면적중심,
5013011800,33.306482,126.470874,면적중심,
5013011900,33.293979,126.419309,면적중심,
5013012000,33.270062,126.385639,면적중심,
5013012100,33.239919,126.379753,면적중심,
5013012200,33.315505,126.50408,면적중심,
5013025000,33.25637,126.247071,면적중심,
5013025300,33.328306,126.66613,면적중심,
5013025900,33.418053,126.864823,면적중심,
5013031000,33.292562,126.347633,면적중심,
5013032000,33.374801,126.76847,면적중심,
5111010100,37.886363,127.730948,면적중심,
5111010200,37.882995,127.727609,면적중심,
5111010300,37.879264,127.724132,면적중심,
5111010400,37.882531,127.729145,면적중심,
5111010500,37.87901,127.726001,면적중심,
5111010600,37.875337,127.721619,면적중심,
5111010700,37.884268,127.732497,면적중심,
5111010800,37.879764,127.730308,면적중심,
5111010900,37.877285,127.72651,면적중심,
5111011000,37.877036,127.732342,면적중심,
5111011100,37.874153,127.725309,면적중심,
5111011200,37.870434,127.737791,면적중심,
5111011300,37.89207,127.730176,면적중심,
5111011400,37.886966,127.726021,면적중심,
5111011500,37.881846,127.723129,면적중심,
5111011600,37.877486,127.720254,면적중심,
5111011700,37.88469,127.714686,면적중심,
5111011800,37.906371,127.737262,면적중심,
5111011900,37.914902,127.722766,면적중심,
5111012000,37.882644,127.748582,면적중심,
5111012100,37.861202,127.715685,면적중심,
5111012200,37.882238,127.736608,면적중심,
5111012300,37.853953,127.73153,면적중심,
5111012400,37.858406,127.750827,면적중심,
5111012500,37.867791,127.697339,면적중심,
5111012600,37.844301,127.69933,면적중심,
5111012700,37.855972,127.689138,면적중심,
5111012800,37.932059,127.727791,면적중심,
5111012900,37.889924,127.701552,면적중심,
5111025000,37.960089,127.753634,면적중심,
5111031000,37.88911,127.84466,면적중심,
5111032000,37.772883,127.782314,면적중심,
5111033000,37.809114,127.705538,면적중심,
5111034000,37.738426,127.59788,면적중심,
5111035000,37.898178,127.643532,면적중심,
5111036000,38.010448,127.643663,면적중심,
5111038000,37.969349,127.909281,면적중심,
5111039000,37.83706,127.784357,면적중심,
5111040000,37.779288,127.621269,면적중심,
5113010100,37.349774,127.95056,면적중심,
5113010200,37.350698,127.952768,면적중심,
5113010300,37.344178,127.947713,면적중심,
5113010400,37.346081,127.954572,면적중심,
5113010500,37.338264,127.955996,면적중심,
5113010600,37.334658,127.943861,면적중심,
5113010700,37.323797,127.955206,면적중심,
5113010800,37.348215,127.943112,면적중심,
5113010900,37.360876,127.945074,면적중심,
5113011000,37.351124,127.928307,면적중심,
5113011100,37.372846,127.934209,면적중심,
5113011200,37.379388,127.956972,면적중심,
5113011300,37.356136,127.978215,면적중심,
5113011400,37.342683,128.009017,면적중심,
5113011500,37.327298,127.920623,면적중심,
5113011600,37.306053,127.985927,면적중심,
5113011700,37.324435,127.99085,면적중심,
5113011800,37.388066,127.930761,면적중심,
5113025000,37.291418,127.816414,면적중심,
5113031000,37.406908,128.017442,면적중심,
5113032000,37.429,127.911063,면적중심,
5113033000,37.381097,127.832944,면적중심,
5113035000,37.205372,127.788886,면적중심,
5113036000,37.195695,127.880747,면적중심,
5113037000,37.285862,127.89674,면적중심,
5113038000,37.281249,127.989643,면적중심,
5113039000,37.249453,128.107102,면적중심,
5115010100,37.751213,128.871282,면적중심,
5115010200,37.74946,128.889471,면적중심,
5115010300,37.750889,128.891392,면적중심,
5115010400,37.752425,128.893414,면적중심,
5115010500,37.755792,128.894396,면적중심,
5115010600,37.75372,128.896402,면적중심,
5115010700,37.753574,128.890724,면적중심,
5115010800,37.752771,128.899565,면적중심,
5115010900,37.758552,128.90159,면적중심,
5115011000,37.767407,128.888024,면적중심,
5115011100,37.774099,128.90797,면적중심,
5115011200,37.79075,128.911525,면적중심,
5115011300,37.793312,128.917396,면적중심,
5115011400,37.777221,128.926974,면적중심,
5115011500,37.772784,128.94245,면적중심,
5115011600,37.737383,128.881717,면적중심,
5115011700,37.738291,128.866004,면적중심,
5115011800,37.72902,128.894536,면적중심,
5115011900,37.725091,128.910962,면적중심,
5115012000,37.719899,128.901593,면적중심,
5115012100,37.743637,128.900644,면적중심,
5115012200,37.737056,128.913968,면적중심,
5115012300,37.743808,128.9409,면적중심,
5115012400,37.730233,128.923015,면적중심,
5115012500,37.757416,128.916757,면적중심,
5115012600,37.745045,128.925387,면적중심,
5115012700,37.764321,128.929444,면적중심,
5115012800,37.754116,128.931864,면적중심,
5115012900,37.759654,128.944649,면적중심,
5115013000,37.759138,128.955617,면적중심,
5115013100,37.766721,128.860374,면적중심,
5115013200,37.774865,128.869674,면적중심,
5115013300,37.781101,128.857427,내부점보정,
5115013400,37.792229,128.852705,면적중심,
5115013500,37.78823,128.895414,면적중심,
5115013600,37.790994,128.876201,면적중심,
5115013700,37.798829,128.892673,면적중심,
5115013800,37.805472,128.884103,면적중심,
5115013900,37.726779,128.933386,면적중심,
5115025000,37.886673,128.76223,면적중심,
5115031000,37.731527,128.803158,면적중심,
5115032000,37.603045,128.798069,면적중심,
5115033000,37.698498,128.885041,면적중심,
5115034000,37.679231,128.968583,면적중심,
5115035000,37.592298,128.981423,면적중심,
5115036000,37.799861,128.806479,면적중심,
5115037000,37.82809,128.694461,면적중심,
5117010100,37.520538,129.098633,면적중심,
5117010200,37.531914,129.099601,면적중심,
5117010300,37.494046,129.125823,면적중심,
5117010400,37.506843,129.119911,면적중심,
5117010500,37.505984,129.090035,면적중심,
5117010600,37.497765,129.109535,면적중심,
5117010700,37.492832,129.099839,면적중심,
5117010800,37.485141,129.112424,면적중심,
5117010900,37.478489,129.075599,면적중심,
5117011000,37.53635,129.081094,면적중심,
5117011100,37.551264,129.095488,면적중심,
5117011200,37.481888,129.120722,면적중심,
5117011300,37.483902,129.133239,면적중심,
5117011400,37.473608,129.151588,면적중심,
5117011500,37.480419,129.14371,면적중심,
5117011600,37.468868,129.117158,면적중심,
5117011700,37.467731,129.105744,면적중심,
5117011800,37.478403,129.105402,면적중심,
5117011900,37.467811,129.084391,면적중심,
5117012000,37.469624,129.134586,면적중심,
5117012100,37.464573,129.125115,면적중심,
5117012200,37.459351,129.130176,면적중심,
5117012300,37.555658,129.114245,면적중심,
5117012400,37.459219,129.009013,면적중심,
5117012500,37.485034,129.004796,면적중심,
5117012600,37.497474,129.05404,면적중심,
5117012700,37.564903,129.113226,면적중심,
5117012800,37.575115,129.110923,면적중심,
5117012900,37.589815,129.082276,면적중심,
5117013000,37.581165,129.079086,면적중심,
5117013100,37.570489,129.09145,면적중심,
5117013200,37.570802,129.059709,면적중심,
5117013300,37.55347,129.066615,면적중심,
5117013400,37.518701,128.996166,면적중심,
5117013500,37.52911,129.044263,면적중심,
5117013600,37.501025,129.016123,면적중심,
5119010100,37.171266,128.966932,면적중심,
5119010200,37.103338,129.012922,면적중심,
5119010300,37.091216,128.976054,면적중심,
5119010400,37.125177,129.058778,면적중심,
5119010500,37.120541,128.991483,면적중심,
5119010600,37.091122,129.048777,면적중심,
5119010700,37.122565,128.950296,면적중심,
5119010800,37.11147,128.906397,면적중심,
5119010900,37.199031,128.946426,면적중심,
5119011000,37.222298,128.996968,면적중심,
5119011100,37.233393,128.95691,면적중심,
5119011200,37.16775,129.029639,면적중심,
5119011300,37.146708,129.048348,면적중심,
5119011400,37.267251,128.953959,면적중심,
5119011500,37.273497,128.991778,면적중심,
5119011600,37.308877,128.98364,면적중심,
5119011700,37.323411,128.970327,면적중심,
5121010100,38.215776,128.592822,면적중심,
5121010200,38.211341,128.591643,면적중심,
5121010300,38.206371,128.589251,면적중심,
5121010400,38.210047,128.579469,면적중심,
5121010500,38.202657,128.584484,면적중심,
5121010600,38.201901,128.57391,면적중심,
5121010700,38.190597,128.529886,면적중심,
5121010800,38.184783,128.581671,면적중심,
5121010900,38.196474,128.596436,면적중심,
5121011000,38.174163,128.599686,면적중심,
5121011100,38.168289,128.565906,면적중심,
5121011200,38.162686,128.484956,면적중심,
5121011300,38.214105,128.557914,면적중심,
5123010100,37.442011,129.161268,면적중심,
5123010200,37.443552,129.156868,면적중심,
5123010300,37.439713,129.161934,면적중심,
5123010400,37.441389,129.163156,면적중심,
5123010500,37.446832,129.167053,내부점보정,
5123010600,37.454568,129.174101,면적중심,
5123010700,37.464589,129.163412,면적중심,
5123010800,37.471091,129.157401,면적중심,
5123010900,37.457958,129.14611,면적중심,
5123011000,37.453162,129.155956,면적중심,
5123011100,37.442022,129.140081,면적중심,
5123011200,37.449403,129.132138,면적중심,
5123011300,37.449863,129.121402,면적중심,
5123011400,37.447253,129.101851,면적중심,
5123011500,37.425444,129.132239,면적중심,
5123011600,37.435817,129.139918,면적중심,
5123011700,37.428937,129.147672,면적중심,
5123011800,37.442323,129.150283,면적중심,
5123011900,37.432588,129.15695,면적중심,
5123012000,37.433245,129.163871,면적중심,
5123012100,37.426231,129.170337,면적중심,
5123012200,37.424325,129.188093,면적중심,
5123012300,37.414627,129.177691,면적중심,
5123012400,37.399262,129.154474,면적중심,
5123012500,37.439259,129.178408,면적중심,
5123012600,37.440898,129.188169,면적중심,
5123012700,37.417606,129.143845,면적중심,
5123025000,37.23065,129.072021,면적중심,
5123025300,37.182544,129.277497,면적중심,
5123031000,37.318353,129.237012,면적중심,
5123032000,37.355228,128.929078,면적중심,
5123033000,37.293616,129.159394,면적중심,
5123034000,37.40504,129.066918,면적중심,
5123035000,37.124022,129.168589,면적중심,
5123036000,37.330252,129.059428,면적중심,
5172025000,37.664274,127.874027,면적중심,
5172031000,37.768659,127.982342,면적중심,
5172032000,37.871161,128.03193,면적중심,
5172033000,37.811966,128.112569,면적중심,
5172034000,37.713813,128.211536,면적중심,
5172035200,37.663457,127.993007,면적중심,
5172036000,37.614427,127.785582,면적중심,
5172037000,37.667239,127.635061,면적중심,
5172038000,37.731899,127.812945,면적중심,
5172039000,37.794733,128.408329,면적중심,
5173025000,37.490636,127.99587,면적중심,
5173031000,37.474486,128.095155,면적중심,
5173032000,37.423595,128.182462,면적중심,
5173033000,37.523555,128.235048,면적중심,
5173034000,37.568819,128.090156,면적중심,
5173035000,37.607205,128.172461,면적중심,
5173036000,37.569767,127.960026,면적중심,
5173037000,37.491201,127.847666,면적중심,
5173038000,37.349654,128.107078,면적중심,
5175025000,37.201997,128.510851,면적중심,
5175025300,37.116676,128.819526,면적중심,
5175031200,37.170329,128.693269,면적중심,
5175032500,37.103375,128.635323,면적중심,
5175033000,37.272192,128.432998,면적중심,
5175034000,37.165604,128.38426,면적중심,
5175035500,37.225868,128.342288,면적중심,
5175036000,37.280924,128.282507,면적중심,
5175038000,37.333795,128.220109,면적중심,
5176025000,37.37167,128.391397,면적중심,
5176031000,37.339789,128.518339,면적중심,
5176032000,37.452198,128.326413,면적중심,
5176033000,37.498067,128.447347,면적중심,
5176034000,37.612276,128.346727,면적중심,
5176035000,37.631055,128.452489,면적중심,
5176036000,37.632592,128.563132,면적중심,
5176038000,37.687883,128.675294,면적중심,
5177025000,37.380407,128.62284,면적중심,
5177025300,37.192169,128.871019,면적중심,
5177025600,37.233626,128.823002,면적중심,
5177025900,37.237846,128.648009,면적중심,
5177032000,37.280235,128.729199,면적중심,
5177034000,37.478645,128.634808,면적중심,
5177035000,37.473414,128.873493,면적중심,
5177036000,37.329317,128.807831,면적중심,
5177037000,37.491825,128.729577,면적중심,
5178025000,38.263119,127.173834,면적중심,
5178025300,38.268722,127.410199,면적중심,
5178025600,38.192364,127.328845,면적중심,
5178025900,38.239787,127.248436,면적중심,
5178031000,38.177787,127.421466,면적중심,
5178032000,38.220949,127.502619,면적중심,
5178033000,38.313319,127.401528,면적중심,
5178034000,38.303669,127.540216,면적중심,
5178035000,38.29228,127.726775,면적중심,
5178036000,38.300946,127.625739,면적중심,
5178037000,38.291324,127.828143,내부점보정,
5179025000,38.185483,127.782541,면적중심,
5179031000,38.063639,127.818272,면적중심,
5179032000,38.081621,127.654065,면적중심,
5179033000,38.194534,127.615894,면적중심,
5179034000,38.073372,127.508259,면적중심,
5180025000,38.114208,127.952863,면적중심,
5180031500,38.08327,128.049951,면적중심,
5180032000,38.229077,128.05554,면적중심,
5180033000,38.238044,127.930457,면적중심,
5180034000,38.28426,128.125748,면적중심,
5181025000,38.065982,128.248202,면적중심,
5181031000,37.975027,128.106689,면적중심,
5181032000,38.166166,128.315227,면적중심,
5181033000,37.964281,128.389222,면적중심,
5181034000,38.269951,128.228923,면적중심,
5181035000,37.883928,128.266792,면적중심,
5182025000,38.332832,128.391843,면적중심,
5182025300,38.430699,128.408352,면적중심,
5182031000,38.518558,128.381765,면적중심,
5182032000,38.323453,128.488977,면적중심,
5182033000,38.249574,128.492697,면적중심,
5182034000,38.401676,128.31069,면적중심,
5183025000,38.091657,128.600834,면적중심,
5183031000,38.010905,128.52507,면적중심,
5183032000,38.047376,128.652336,면적중심,
5183033000,37.95028,128.646106,면적중심,
5183034000,37.938963,128.738447,면적중심,
5183035000,38.129282,128.560572,면적중심,
